Transaction ID,Date,Company,Category,Amount (USD)
TXN000265,2023-01-01,MACYS.COM,Clothing,367.53
TXN000501,2023-01-01,ZARA #6262,Clothing,327.64
TXN001287,2023-01-01,SUBWAY #2417435,Food & Drink,391.70
TXN001629,2023-01-01,PSN*PLAYSTATION,Entertainment,276.73
TXN002730,2023-01-01,ALDI #92659,Groceries,164.58
TXN000367,2023-01-02,MACY'S #9551,Clothing,30.73
TXN001119,2023-01-02,WAYFAIR,Home & Furniture,423.62
TXN001763,2023-01-02,GOOGLE*SVCSAPPS,Entertainment,42.92
TXN002446,2023-01-02,H&M STORE,Clothing,321.91
TXN002453,2023-01-02,COURSERA,Education,284.15
TXN002588,2023-01-02,PAYPAL *EBAY,Shopping,26.49
TXN002224,2023-01-03,UBER* EATS,Food & Drink,115.39
TXN002622,2023-01-03,VZW*VERIZON,Utilities,201.65
TXN001087,2023-01-04,TJMAXX.COM,Clothing,437.90
TXN001476,2023-01-04,AMC #45655,Entertainment,229.08
TXN002093,2023-01-04,BP#384371054343,Gas & Transport,428.12
TXN002378,2023-01-04,SAFEWAY #1479,Groceries,114.62
TXN002494,2023-01-04,ZARA #8189,Clothing,499.55
TXN002729,2023-01-04,BEST BUY #2465642,Electronics,264.77
TXN000743,2023-01-05,EBAY O*3932947190512,Shopping,134.83
TXN000845,2023-01-05,TRADER JOE'S #215,Groceries,42.93
TXN001445,2023-01-05,BEST BUY CO INC,Electronics,348.75
TXN002509,2023-01-05,NETFLIX.COM,Subscriptions,167.33
TXN000242,2023-01-06,UBER EATS HELP.UBER.COM,Food & Drink,155.85
TXN000296,2023-01-06,PSN*PLAYSTATION,Entertainment,307.26
TXN001927,2023-01-06,CHEVRON #685294,Gas & Transport,20.16
TXN000416,2023-01-07,ADOBE*220375940,Subscriptions,125.16
TXN000207,2023-01-08,CVS/PHARMACY #40210,Health,445.73
TXN000352,2023-01-08,NATIONALGRIDUS,Utilities,482.92
TXN000658,2023-01-08,LINKEDIN LEARNING,Education,193.67
TXN000758,2023-01-08,PANERABREAD.COM,Food & Drink,91.02
TXN001133,2023-01-08,COSTCO.COM,Shopping,314.84
TXN001487,2023-01-08,DUNKIN #366346,Food & Drink,264.18
TXN002315,2023-01-08,TJMAXX.COM,Clothing,40.03
TXN000671,2023-01-09,COMCAST CABLE COMM,Utilities,495.28
TXN002445,2023-01-09,XBOX GAME PASS,Subscriptions,23.97
TXN002789,2023-01-09,COSTCO GAS #0166,Shopping,283.31
TXN000634,2023-01-10,MICROSOFT*MSBILL,Subscriptions,275.94
TXN000661,2023-01-10,THE HOME DEPOT #4512,Home Improvement,142.81
TXN000949,2023-01-10,RITE AID STORE 7425,Health,304.23
TXN001582,2023-01-10,ALDI #29326,Groceries,44.91
TXN001851,2023-01-10,BESTBUY.COM,Electronics,15.92
TXN002283,2023-01-10,SOUTHWESTAIR.COM,Travel,13.63
TXN002306,2023-01-10,WALGREENS #14371,Health,122.41
TXN002313,2023-01-10,COURSERA INC,Education,243.63
TXN000764,2023-01-11,EXXON 55415875536155,Gas & Transport,101.32
TXN001678,2023-01-11,SUBWAY #6655389,Food & Drink,269.23
TXN001756,2023-01-11,DOORDASH*DOMINOS,Food & Drink,13.75
TXN002959,2023-01-11,LYFT *RIDE,Gas & Transport,99.19
TXN002616,2023-01-12,UDEMY.COM*2EM3TI1E,Education,326.73
TXN000212,2023-01-13,NATIONALGRIDUS,Utilities,421.46
TXN000591,2023-01-13,AMEX EPAYMENT ACH PMT,Finance,289.69
TXN001948,2023-01-13,H&M STORE,Clothing,397.97
TXN002550,2023-01-13,HOME DEPOT.COM,Home Improvement,430.07
TXN000745,2023-01-14,WALGREENS #67357,Health,290.97
TXN000775,2023-01-14,PETSMART #9019,Pets,74.05
TXN000935,2023-01-14,BP#904196899761,Gas & Transport,242.27
TXN001657,2023-01-14,WAYFAIR*93009784,Home & Furniture,365.94
TXN001707,2023-01-14,UBER EATS HELP.UBER.COM,Food & Drink,435.15
TXN002689,2023-01-14,PAYPAL *EBAY,Shopping,188.99
TXN002734,2023-01-14,Google Play,Entertainment,323.62
TXN002919,2023-01-14,SOUTHWESTAIR.COM,Travel,223.32
TXN000166,2023-01-15,HOME DEPOT.COM,Home Improvement,178.55
TXN000258,2023-01-15,SAFEWAY #9402,Groceries,262.04
TXN000403,2023-01-15,Disney+ Subscription,Subscriptions,110.34
TXN000689,2023-01-15,CHIPOTLE MEXICAN GRILL,Food & Drink,73.49
TXN000896,2023-01-15,NATIONALGRIDUS,Utilities,263.24
TXN002685,2023-01-15,MCDONALD'S F86344,Food & Drink,336.20
TXN000713,2023-01-16,TJMAXX.COM,Clothing,85.47
TXN000818,2023-01-16,CHASE AUTOPAY,Finance,299.66
TXN001602,2023-01-16,BEST BUY CO INC,Electronics,134.36
TXN001881,2023-01-16,BKG*4157114895780,Travel,488.80
TXN001950,2023-01-16,EXPEDIA,Travel,265.92
TXN002088,2023-01-16,BEST BUY #9508044,Electronics,46.50
TXN000507,2023-01-17,ZARA USA LLC,Clothing,97.20
TXN000793,2023-01-17,OLD NAVY #95815,Clothing,30.81
TXN000811,2023-01-17,NIKE.COM,Clothing,152.80
TXN000990,2023-01-17,CHASE CREDIT CRD EPAY,Finance,37.78
TXN001562,2023-01-17,CHIPOTLE ONLINE,Food & Drink,487.47
TXN002176,2023-01-17,WALMART.COM,Shopping,220.52
TXN002222,2023-01-17,DOORDASH DASHPASS,Food & Drink,435.16
TXN002245,2023-01-17,CAPITAL ONE ONLINE PMT,Finance,86.39
TXN002703,2023-01-17,LINKEDIN*PREMIUM,Education,271.15
TXN001593,2023-01-18,PUBLIX #8588,Groceries,110.04
TXN001782,2023-01-18,PETSMART #6647,Pets,230.11
TXN002142,2023-01-18,THE HOME DEPOT #9762,Home Improvement,454.01
TXN000193,2023-01-19,GOOGLE*SVCSAPPS,Entertainment,463.91
TXN000694,2023-01-19,CONED WEB PAY,Utilities,293.99
TXN000996,2023-01-19,STEAMGAMES.COM,Entertainment,471.11
TXN001186,2023-01-19,LOWES.COM,Home Improvement,99.45
TXN001800,2023-01-19,CAPITAL ONE ONLINE PMT,Finance,353.40
TXN002885,2023-01-19,DUNKIN #314198,Food & Drink,96.66
TXN002985,2023-01-19,PLANET FITNESS #3982,Health & Fitness,324.82
TXN000415,2023-01-20,STARBUCKS STORE 48763,Food & Drink,267.05
TXN000441,2023-01-20,TJ MAXX #4722008,Clothing,333.08
TXN000696,2023-01-20,AMEX EPAYMENT ACH PMT,Finance,53.86
TXN000068,2023-01-21,TMOBILE*POSTPAID,Utilities,35.32
TXN001154,2023-01-21,Amazon.com*5M03LEYE,Shopping,175.99
TXN002302,2023-01-21,NIKE #9865,Clothing,192.64
TXN002320,2023-01-21,T-MOBILE*AUTO PAY,Utilities,368.33
TXN000760,2023-01-22,EQUINOX #9717,Health & Fitness,307.58
TXN001353,2023-01-22,PANERA BREAD #471,Food & Drink,309.55
TXN001365,2023-01-22,MCDONALDS #72343,Food & Drink,251.36
TXN001849,2023-01-22,EXXON/MOBIL #1568554,Gas & Transport,252.96
TXN000145,2023-01-23,H&M STORE,Clothing,441.19
TXN001129,2023-01-23,NIKE #3512,Clothing,96.19
TXN001313,2023-01-23,H&M STORE,Clothing,490.64
TXN001393,2023-01-24,APPLE.COM/BILL,Entertainment,61.75
TXN002262,2023-01-24,COSTCO WHSE #0860,Shopping,89.78
TXN002880,2023-01-24,TRADER JOE'S #635,Groceries,193.29
TXN000012,2023-01-25,AMAZON WEB SVCS,Shopping,186.05
TXN001096,2023-01-25,NATIONALGRIDUS,Utilities,446.96
TXN002671,2023-01-25,PUBLIX #6801,Groceries,47.02
TXN002679,2023-01-25,PLANET FITNESS #1436,Health & Fitness,144.37
TXN000106,2023-01-26,PUBLIX #6907,Groceries,256.29
TXN000245,2023-01-26,WHOLEFDS SF 692,Groceries,143.76
TXN000275,2023-01-26,APL* APPLE ONLINE,Electronics,194.98
TXN000412,2023-01-26,GRUBHUB*THAI PALACE,Food & Drink,169.10
TXN001798,2023-01-26,NATIONALGRIDUS,Utilities,492.21
TXN002027,2023-01-26,STARBUCKS #27110,Food & Drink,323.60
TXN002052,2023-01-26,OLD NAVY #78790,Clothing,149.84
TXN002326,2023-01-26,WALGREENS #78490,Health,464.51
TXN000366,2023-01-27,SUBWAY #6968854,Food & Drink,322.75
TXN000457,2023-01-27,SPOTIFY P91946,Subscriptions,21.94
TXN002813,2023-01-27,UBER* EATS,Food & Drink,388.30
TXN000243,2023-01-28,MACY'S #3266,Clothing,384.33
TXN000495,2023-01-28,VENMO,Finance,341.34
TXN000523,2023-01-28,EXPEDIA,Travel,155.45
TXN000576,2023-01-28,CONED WEB PAY,Utilities,483.17
TXN000744,2023-01-28,CAPITAL ONE ONLINE PMT,Finance,294.54
TXN000767,2023-01-28,WALMART GROCERY #1750,Shopping,182.64
TXN001197,2023-01-28,OLD NAVY #22256,Clothing,202.59
TXN001830,2023-01-28,AT&T *PAYMENT,Utilities,197.58
TXN001972,2023-01-28,UBER *TRIP,Gas & Transport,5.76
TXN000477,2023-01-29,AA*165674297309,Travel,218.07
TXN001302,2023-01-29,RITE AID STORE 9378,Health,105.18
TXN002829,2023-01-29,WAYFAIR,Home & Furniture,12.21
TXN002948,2023-01-29,WAYFAIR,Home & Furniture,184.76
TXN000300,2023-01-30,AMERICAN AIRLINES,Travel,444.80
TXN000305,2023-01-30,TRADER JOE'S #754,Groceries,392.92
TXN001024,2023-01-30,GAP #54007,Clothing,236.64
TXN001816,2023-01-30,NETFLIX.COM,Subscriptions,136.70
TXN002304,2023-01-30,ADOBE*921117797,Subscriptions,199.18
TXN002779,2023-01-30,EBAY O*3256056696846,Shopping,170.97
TXN001275,2023-01-31,DELTA*347113231200,Travel,123.14
TXN001666,2023-01-31,PLANET FITNESS #3559,Health & Fitness,476.61
TXN001747,2023-01-31,OLD NAVY #93417,Clothing,377.52
TXN002873,2023-01-31,LOWES.COM,Home Improvement,218.60
TXN000031,2023-02-01,PAYPAL *TRANSFER,Finance,433.11
TXN000690,2023-02-01,TJMAXX.COM,Clothing,470.49
TXN001440,2023-02-01,DD/BR #846287,Food & Drink,89.14
TXN002389,2023-02-01,THE HOME DEPOT #5721,Home Improvement,52.54
TXN002628,2023-02-01,BKG*2018002201292,Travel,46.34
TXN001417,2023-02-02,PANERABREAD.COM,Food & Drink,79.68
TXN000032,2023-02-03,STEAM PURCHASE,Entertainment,471.55
TXN000697,2023-02-03,NATIONALGRIDUS,Utilities,498.61
TXN000872,2023-02-03,SOUTHWESTAIR.COM,Travel,376.51
TXN001056,2023-02-03,CAPITAL ONE ONLINE PMT,Finance,300.38
TXN001127,2023-02-03,TMOBILE*POSTPAID,Utilities,2.96
TXN002145,2023-02-03,ZARA #8599,Clothing,473.80
TXN002442,2023-02-03,NATIONALGRIDUS,Utilities,22.86
TXN002484,2023-02-03,MSBILL.INFO,Subscriptions,493.06
TXN000351,2023-02-04,AA*774670438946,Travel,109.20
TXN001010,2023-02-05,ITunes.com/bill,Entertainment,454.59
TXN001277,2023-02-05,PUBLIX #5703,Groceries,142.21
TXN001489,2023-02-05,COSTCO WHSE #0262,Shopping,168.05
TXN002518,2023-02-05,DISNEYPLUS.COM,Subscriptions,104.65
TXN001510,2023-02-06,GAP.COM,Clothing,257.11
TXN001628,2023-02-06,ETSY.COM,Shopping,274.78
TXN001976,2023-02-06,GOOGLE*SVCSAPPS,Entertainment,198.42
TXN000508,2023-02-07,AMEX EPAYMENT ACH PMT,Finance,381.07
TXN001549,2023-02-07,TRADER JOE'S #100,Groceries,36.42
TXN002003,2023-02-07,EXXONMOBIL GAS,Gas & Transport,416.55
TXN002515,2023-02-07,PETCO #10713,Pets,138.87
TXN002696,2023-02-07,MARRIOTT,Travel,313.23
TXN002828,2023-02-07,VENMO,Finance,452.67
TXN002186,2023-02-08,SHELL OIL 51357246751215,Gas & Transport,94.66
TXN002990,2023-02-08,LINKEDIN LEARNING,Education,183.07
TXN000536,2023-02-09,HILTON HHONORS,Travel,77.11
TXN001453,2023-02-09,PAYPAL *INST XFER,Finance,227.38
TXN002681,2023-02-09,SAFEWAY #8201,Groceries,315.86
TXN000417,2023-02-10,ADOBE SYSTEMS INC,Subscriptions,100.41
TXN000773,2023-02-10,UBER *TRIP,Gas & Transport,451.29
TXN000876,2023-02-10,PETCO #45768,Pets,10.41
TXN001520,2023-02-10,AMEX EPAYMENT ACH PMT,Finance,162.03
TXN002704,2023-02-10,UBER *TRIP HELP.UBER.C,Gas & Transport,145.66
TXN002949,2023-02-10,ALDI #13317,Groceries,448.26
TXN000251,2023-02-11,HULU,Subscriptions,240.86
TXN000349,2023-02-11,WHOLEFDS ATL 656,Groceries,88.69
TXN000784,2023-02-11,SHELL OIL 65541282880917,Gas & Transport,26.17
TXN000853,2023-02-11,SUBWAY #1510814,Food & Drink,293.47
TXN001131,2023-02-11,LYFT *1 LYFT.COM,Gas & Transport,270.32
TXN001357,2023-02-11,NIKE #8720,Clothing,33.91
TXN002563,2023-02-11,EXXONMOBIL GAS,Gas & Transport,229.50
TXN000982,2023-02-12,SPOTIFY P25398,Subscriptions,223.62
TXN002096,2023-02-12,DOORDASH*CHIPOTLE,Food & Drink,315.00
TXN002421,2023-02-12,CVS PHARMACY,Health,403.15
TXN000324,2023-02-13,HULU,Subscriptions,176.11
TXN000592,2023-02-13,STEAMGAMES.COM,Entertainment,191.33
TXN000918,2023-02-13,NATIONALGRIDUS,Utilities,58.41
TXN002047,2023-02-13,AMAZON PRIME*38IH811A,Shopping,328.92
TXN000033,2023-02-14,PETSMART #6583,Pets,52.31
TXN001238,2023-02-14,STEAMGAMES.COM,Entertainment,346.35
TXN001940,2023-02-14,KROGER #118,Groceries,478.31
TXN002031,2023-02-14,WALGREENS #58149,Health,36.94
TXN002844,2023-02-14,MACYS.COM,Clothing,299.29
TXN001362,2023-02-15,CAPITAL ONE ONLINE PMT,Finance,273.42
TXN002975,2023-02-15,PAYPAL *EBAY,Shopping,323.61
TXN000281,2023-02-16,CAPITAL ONE ONLINE PMT,Finance,14.73
TXN000903,2023-02-16,AMEX EPAYMENT ACH PMT,Finance,89.70
TXN002575,2023-02-16,UDEMY,Education,231.30
TXN001073,2023-02-17,COURSERA,Education,22.66
TXN002273,2023-02-17,WHOLEFDS SEA 317,Groceries,446.23
TXN000343,2023-02-18,CAPITAL ONE ONLINE PMT,Finance,217.38
TXN000668,2023-02-18,AMC #99734,Entertainment,447.50
TXN000703,2023-02-18,HILTON HOTELS,Travel,173.39
TXN001290,2023-02-18,DELTA*147520404530,Travel,368.80
TXN001585,2023-02-18,GAP.COM,Clothing,132.33
TXN001839,2023-02-18,SHELL SERVICE STATION,Gas & Transport,210.82
TXN001930,2023-02-18,WALGREENS STORE,Health,300.45
TXN002960,2023-02-18,BEST BUY #9670408,Electronics,290.19
TXN000425,2023-02-19,CHEWY.COM,Pets,183.51
TXN000460,2023-02-19,REGAL CINEMAS #9023,Entertainment,217.75
TXN000893,2023-02-19,AT&T MOBILITY,Utilities,280.52
TXN002067,2023-02-19,HULU*98457094,Subscriptions,32.63
TXN001052,2023-02-20,APPLE STORE #0373,Electronics,471.03
TXN001424,2023-02-20,ZARA #9129,Clothing,356.29
TXN000209,2023-02-21,SHELL OIL 47286476407885,Gas & Transport,44.03
TXN000532,2023-02-21,CHEVRON #498173,Gas & Transport,223.37
TXN000594,2023-02-21,AT&T *PAYMENT,Utilities,277.67
TXN001397,2023-02-21,BP#883571624445,Gas & Transport,296.43
TXN001980,2023-02-21,REGAL CINEMAS #1811,Entertainment,399.52
TXN000704,2023-02-22,WHOLE FOODS MARKET,Groceries,318.41
TXN001315,2023-02-22,LOWE'S #5222,Home Improvement,32.89
TXN001809,2023-02-22,ZARA #4298,Clothing,180.84
TXN002002,2023-02-22,DELTA AIR LINES,Travel,228.64
TXN002042,2023-02-23,CAPITAL ONE ONLINE PMT,Finance,218.68
TXN000483,2023-02-24,VERIZON WIRELESS,Utilities,485.16
TXN000763,2023-02-25,MICROSOFT 365,Subscriptions,9.24
TXN001251,2023-02-25,GOOGLE*SVCSAPPS,Entertainment,462.67
TXN001583,2023-02-25,WALGREENS STORE,Health,274.68
TXN001937,2023-02-25,PUBLIX #2303,Groceries,486.38
TXN002035,2023-02-25,GOOGLE*SVCSAPPS,Entertainment,21.04
TXN002693,2023-02-25,UBER EATS HELP.UBER.COM,Food & Drink,158.74
TXN002725,2023-02-25,BP GAS #147702,Gas & Transport,446.06
TXN002780,2023-02-25,CVS PHARMACY,Health,442.32
TXN000545,2023-02-26,SUBWAY #2431614,Food & Drink,434.96
TXN001835,2023-02-26,GOOGLE *PLAY,Entertainment,391.89
TXN000640,2023-02-27,WAL-MART SUPERCENTER,Shopping,172.51
TXN000679,2023-02-27,COSTCO GAS #0467,Shopping,159.83
TXN000892,2023-02-27,WELLS FARGO BANK,Finance,171.89
TXN002372,2023-02-27,WAL-MART #8231,Shopping,400.91
TXN000333,2023-02-28,WAL-MART SUPERCENTER,Shopping,327.15
TXN001788,2023-02-28,COSTCO.COM,Shopping,313.07
TXN002317,2023-02-28,STEAMGAMES.COM,Entertainment,42.41
TXN001168,2023-03-01,STARBUCKS STORE 91965,Food & Drink,359.09
TXN001740,2023-03-01,SAFEWAY #9264,Groceries,42.01
TXN001889,2023-03-01,MARRIOTT,Travel,140.14
TXN000994,2023-03-02,PETCO #70644,Pets,39.55
TXN002834,2023-03-02,GAP #71767,Clothing,283.05
TXN000094,2023-03-03,TMOBILE*POSTPAID,Utilities,365.38
TXN000600,2023-03-03,PETCO #73219,Pets,300.27
TXN000908,2023-03-03,CHASE CREDIT CRD EPAY,Finance,289.17
TXN001267,2023-03-03,SOUTHWEST AIR,Travel,488.19
TXN001648,2023-03-03,VZW*VERIZON,Utilities,229.69
TXN000108,2023-03-04,IKEA US #766,Home & Furniture,146.52
TXN000644,2023-03-04,LINKEDIN*PREMIUM,Education,253.26
TXN000922,2023-03-04,ALDI #10179,Groceries,190.65
TXN001250,2023-03-04,MCDONALDS #42118,Food & Drink,162.38
TXN001410,2023-03-04,STEAMGAMES.COM,Entertainment,230.02
TXN002085,2023-03-04,PAYPAL *TRANSFER,Finance,48.95
TXN002533,2023-03-04,AMAZON PRIME*FMZGDI7D,Shopping,44.46
TXN002123,2023-03-05,GAP.COM,Clothing,24.52
TXN000099,2023-03-06,SOUTHWEST AIR,Travel,377.10
TXN001152,2023-03-06,WAYFAIR LLC,Home & Furniture,89.89
TXN000422,2023-03-07,COURSERA,Education,263.29
TXN001690,2023-03-07,MARRIOTT HOTELS,Travel,85.83
TXN001802,2023-03-07,COSTCO.COM,Shopping,123.89
TXN001880,2023-03-07,CHEWY*29723197,Pets,197.16
TXN002899,2023-03-07,BOOKING.COM,Travel,424.42
TXN000802,2023-03-08,HILTON HHONORS,Travel,64.93
TXN001366,2023-03-08,TJMAXX.COM,Clothing,75.40
TXN001853,2023-03-08,Apple Store,Electronics,403.98
TXN001964,2023-03-08,COMCAST*661086354,Utilities,319.46
TXN001967,2023-03-08,Spotify USA,Subscriptions,181.42
TXN001991,2023-03-08,AT&T MOBILITY,Utilities,5.34
TXN001998,2023-03-08,ETSY INC,Shopping,445.08
TXN000253,2023-03-09,ALDI #91041,Groceries,316.30
TXN001867,2023-03-09,CHASE CREDIT CRD EPAY,Finance,131.15
TXN000423,2023-03-10,PAYPAL *PAYMENT,Finance,159.97
TXN002077,2023-03-10,SPOTIFY P72063,Subscriptions,54.10
TXN001613,2023-03-11,CHASE CREDIT CRD EPAY,Finance,365.77
TXN002108,2023-03-11,GAP.COM,Clothing,235.82
TXN002547,2023-03-11,ETSY.COM,Shopping,456.73
TXN001592,2023-03-12,NIKE.COM,Clothing,97.13
TXN001735,2023-03-12,T-MOBILE*AUTO PAY,Utilities,481.20
TXN002099,2023-03-12,UBEREATS,Food & Drink,298.60
TXN002148,2023-03-12,DOORDASH*CHIPOTLE,Food & Drink,129.03
TXN002504,2023-03-13,ADOBE  *ADOBE,Subscriptions,16.58
TXN002798,2023-03-13,PETSMART #1244,Pets,232.23
TXN000846,2023-03-14,OLDNAVY.COM,Clothing,49.03
TXN001034,2023-03-14,TARGET T-9252,Shopping,307.28
TXN000577,2023-03-15,COSTCO WHSE #0456,Shopping,148.28
TXN001390,2023-03-15,OLD NAVY #41691,Clothing,379.38
TXN001419,2023-03-15,COURSERA,Education,37.88
TXN001556,2023-03-15,NIKE.COM,Clothing,275.12
TXN001844,2023-03-15,AMERICAN AIRLINES,Travel,388.75
TXN002066,2023-03-15,AMC THEATRES #6978,Entertainment,191.85
TXN000147,2023-03-16,IKEA.COM/US,Home & Furniture,229.98
TXN000469,2023-03-16,ALDI #28904,Groceries,248.58
TXN001244,2023-03-16,UDEMY.COM*2UO9FIQZ,Education,320.97
TXN002299,2023-03-16,NATIONALGRIDUS,Utilities,261.42
TXN002578,2023-03-16,WHOLE FOODS MARKET,Groceries,346.46
TXN002739,2023-03-16,MSBILL.INFO,Subscriptions,321.00
TXN001674,2023-03-17,CONED WEB PAY,Utilities,170.17
TXN002054,2023-03-17,AMERICAN AIRLINES,Travel,274.54
TXN002537,2023-03-17,Google Play,Entertainment,209.23
TXN000195,2023-03-18,AMC THEATRES #6027,Entertainment,373.90
TXN000336,2023-03-18,UBEREATS,Food & Drink,374.83
TXN000953,2023-03-18,SHELL #130586,Gas & Transport,410.12
TXN001013,2023-03-18,SBUX,Food & Drink,302.06
TXN001509,2023-03-18,REGAL CINEMAS #8453,Entertainment,488.86
TXN002387,2023-03-18,DUNKIN DONUTS,Food & Drink,201.18
TXN000109,2023-03-19,LINKEDIN*PREMIUM,Education,96.92
TXN001741,2023-03-19,ALDI #10832,Groceries,2.67
TXN001956,2023-03-19,H & M #12786,Clothing,54.40
TXN002708,2023-03-19,DISNEY PLUS,Subscriptions,486.22
TXN000058,2023-03-20,NETFLIX.COM,Subscriptions,98.50
TXN000392,2023-03-20,CHIPOTLE ONLINE,Food & Drink,80.55
TXN000808,2023-03-20,DD/BR #555107,Food & Drink,130.96
TXN001173,2023-03-20,NATIONALGRIDUS,Utilities,121.98
TXN001817,2023-03-20,APPLE.COM/BILL,Entertainment,23.29
TXN002116,2023-03-20,ITunes.com/bill,Entertainment,386.20
TXN000520,2023-03-21,PAYPAL *EBAY,Shopping,355.36
TXN001566,2023-03-21,TJ MAXX #3252416,Clothing,256.91
TXN001611,2023-03-21,LINKEDIN*PREMIUM,Education,380.52
TXN001001,2023-03-22,ETSY.COM,Shopping,412.28
TXN001511,2023-03-22,PANERABREAD.COM,Food & Drink,366.77
TXN001622,2023-03-22,CHIPOTLE ONLINE,Food & Drink,151.49
TXN001713,2023-03-22,WHOLE FOODS MARKET,Groceries,68.66
TXN002046,2023-03-22,GRUBHUB.COM,Food & Drink,471.01
TXN002480,2023-03-22,EBAY O*6594314577156,Shopping,414.15
TXN000837,2023-03-23,SPOTIFY P93539,Subscriptions,360.93
TXN001363,2023-03-23,VALVE*STEAM,Entertainment,453.33
TXN001825,2023-03-23,EBAY O*3409988463396,Shopping,282.94
TXN000254,2023-03-24,PLAYSTATION NETWORK,Entertainment,330.66
TXN000524,2023-03-24,ALDI #30041,Groceries,13.55
TXN001379,2023-03-24,UBEREATS,Food & Drink,207.19
TXN000485,2023-03-25,PSN*PLAYSTATION,Entertainment,498.39
TXN000722,2023-03-25,GAP #86304,Clothing,48.66
TXN000895,2023-03-25,UBER* TRIP HELP.UBER.COM,Gas & Transport,198.60
TXN001070,2023-03-25,HULU*12910087,Subscriptions,389.51
TXN002700,2023-03-25,AMEX EPAYMENT ACH PMT,Finance,80.32
TXN000624,2023-03-26,MACY'S #5650,Clothing,126.91
TXN001405,2023-03-26,BEST BUY #6619464,Electronics,299.92
TXN000657,2023-03-27,NATIONALGRIDUS,Utilities,314.20
TXN000791,2023-03-27,STARBUCKS STORE 14273,Food & Drink,129.25
TXN001303,2023-03-27,BP#620202375049,Gas & Transport,302.89
TXN001738,2023-03-27,LOWE'S #5056,Home Improvement,98.26
TXN002280,2023-03-27,PETCO #55474,Pets,425.69
TXN000387,2023-03-28,ADOBE SYSTEMS INC,Subscriptions,101.04
TXN000891,2023-03-28,SOUTHWEST AIR,Travel,294.88
TXN001444,2023-03-28,VENMO,Finance,209.46
TXN001587,2023-03-28,PAYPAL *INST XFER,Finance,133.71
TXN001821,2023-03-28,THE HOME DEPOT #4960,Home Improvement,413.61
TXN002355,2023-03-28,WALGREENS #75324,Health,299.89
TXN002535,2023-03-28,TARGET #3012,Shopping,280.66
TXN001265,2023-03-29,MACYS.COM,Clothing,386.02
TXN000137,2023-03-30,COURSERA INC,Education,331.75
TXN000221,2023-03-30,COSTCO.COM,Shopping,366.74
TXN000757,2023-03-30,AMERICAN AIRLINES,Travel,371.30
TXN000820,2023-03-30,OLDNAVY.COM,Clothing,280.63
TXN001054,2023-03-30,VERIZON WIRELESS,Utilities,381.74
TXN001491,2023-03-30,WAYFAIR*80567068,Home & Furniture,249.03
TXN002125,2023-03-30,PLANET FITNESS #5125,Health & Fitness,481.46
TXN002658,2023-03-30,CHEVRON #259012,Gas & Transport,140.25
TXN001242,2023-03-31,LINKEDIN*PREMIUM,Education,318.04
TXN001378,2023-03-31,PLAYSTATION*STORE,Entertainment,183.07
TXN001984,2023-03-31,PANERABREAD.COM,Food & Drink,385.25
TXN000007,2023-04-01,OLDNAVY.COM,Clothing,130.78
TXN000201,2023-04-01,AT&T MOBILITY,Utilities,154.71
TXN000489,2023-04-01,PETCO #93516,Pets,169.71
TXN000847,2023-04-01,BKG*2592788409355,Travel,459.24
TXN001288,2023-04-01,DOORDASH DASHPASS,Food & Drink,30.85
TXN001420,2023-04-01,PLANET FITNESS #1591,Health & Fitness,308.82
TXN002079,2023-04-01,THE HOME DEPOT #8065,Home Improvement,108.14
TXN002129,2023-04-01,TJMAXX.COM,Clothing,280.79
TXN002545,2023-04-01,T-MOBILE*AUTO PAY,Utilities,382.39
TXN000129,2023-04-02,CHEWY.COM,Pets,391.84
TXN000562,2023-04-02,GRUBHUB*THAI PALACE,Food & Drink,279.72
TXN000867,2023-04-02,COSTCO.COM,Shopping,19.08
TXN002945,2023-04-02,CHIPOTLE #3710,Food & Drink,36.32
TXN000886,2023-04-03,MACY'S #1788,Clothing,233.16
TXN001749,2023-04-03,HULU*35958572,Subscriptions,136.69
TXN001871,2023-04-03,MICROSOFT*MSBILL,Subscriptions,193.24
TXN002140,2023-04-03,GOOGLE*SVCSAPPS,Entertainment,68.21
TXN002310,2023-04-03,MACYS.COM,Clothing,494.62
TXN002438,2023-04-03,HULU*39388923,Subscriptions,251.34
TXN000721,2023-04-04,SAFEWAY #2151,Groceries,209.06
TXN002664,2023-04-04,DOORDASH DASHPASS,Food & Drink,487.04
TXN002835,2023-04-04,BP#572881469239,Gas & Transport,245.52
TXN000079,2023-04-05,NETFLIX.COM,Subscriptions,51.39
TXN000111,2023-04-05,WALMART.COM,Shopping,445.41
TXN001036,2023-04-05,CAPITAL ONE ONLINE PMT,Finance,343.57
TXN001632,2023-04-05,WAYFAIR*95068573,Home & Furniture,496.15
TXN002278,2023-04-05,PANERABREAD.COM,Food & Drink,248.65
TXN002419,2023-04-05,PANERABREAD.COM,Food & Drink,478.20
TXN001745,2023-04-06,GOOGLE *PLAY,Entertainment,124.77
TXN002352,2023-04-06,LYFT *RIDE,Gas & Transport,318.63
TXN002567,2023-04-06,AMZN Mktp US*GDMLX832,Shopping,37.05
TXN000761,2023-04-07,EBAY O*3755309052840,Shopping,338.46
TXN001939,2023-04-07,UBER *TRIP,Gas & Transport,269.12
TXN002727,2023-04-07,AMC #70561,Entertainment,336.57
TXN002991,2023-04-07,AMC #56817,Entertainment,44.38
TXN000261,2023-04-08,MACYS.COM,Clothing,234.98
TXN000695,2023-04-08,DOORDASH DASHPASS,Food & Drink,92.51
TXN001516,2023-04-08,VENMO,Finance,484.26
TXN001834,2023-04-08,RITE AID STORE 1884,Health,2.30
TXN002521,2023-04-08,AIRBNB PAYMENTS,Travel,145.16
TXN000529,2023-04-09,ETSY.COM,Shopping,236.53
TXN001209,2023-04-09,AMEX EPAYMENT ACH PMT,Finance,149.49
TXN001512,2023-04-09,EXXON/MOBIL #8046435,Gas & Transport,405.12
TXN001811,2023-04-10,BP#200976143956,Gas & Transport,343.28
TXN002090,2023-04-10,LYFT,Gas & Transport,61.17
TXN002632,2023-04-10,COSTCO.COM,Shopping,355.22
TXN000539,2023-04-11,NATIONALGRIDUS,Utilities,178.59
TXN000839,2023-04-11,CONED WEB PAY,Utilities,401.47
TXN001431,2023-04-11,TRADER JOE'S #718,Groceries,312.99
TXN001467,2023-04-11,PETCO #76333,Pets,32.16
TXN002586,2023-04-11,CONED WEB PAY,Utilities,399.93
TXN002714,2023-04-11,NATIONALGRIDUS,Utilities,207.58
TXN002850,2023-04-11,ALDI #84370,Groceries,472.01
TXN000402,2023-04-12,AMEX EPAYMENT ACH PMT,Finance,93.86
TXN000599,2023-04-12,Amazon.com*24PPKVDE,Shopping,70.11
TXN001144,2023-04-12,AMZ*8UOMVO8J,Shopping,211.18
TXN001570,2023-04-13,PUBLIX #6797,Groceries,47.82
TXN001191,2023-04-14,DELTA*343433835833,Travel,206.10
TXN001553,2023-04-14,VZW*VERIZON,Utilities,93.63
TXN001901,2023-04-14,SUBWAY #9580743,Food & Drink,242.46
TXN001936,2023-04-14,TJ MAXX #7971078,Clothing,266.95
TXN001992,2023-04-14,SHELL SERVICE STATION,Gas & Transport,408.14
TXN002868,2023-04-14,PAYPAL *INST XFER,Finance,429.12
TXN000154,2023-04-15,DOORDASH*SUBWAY,Food & Drink,326.11
TXN000348,2023-04-15,MICROSOFT 365,Subscriptions,494.57
TXN000870,2023-04-16,HULU*49500527,Subscriptions,57.75
TXN001201,2023-04-16,PLANET FITNESS #2463,Health & Fitness,419.72
TXN001270,2023-04-16,NATIONALGRIDUS,Utilities,333.35
TXN002626,2023-04-16,STEAMGAMES.COM,Entertainment,184.67
TXN000030,2023-04-17,CHIPOTLE ONLINE,Food & Drink,237.01
TXN000130,2023-04-17,ITunes.com/bill,Entertainment,187.18
TXN000399,2023-04-17,PANERABREAD.COM,Food & Drink,230.39
TXN001079,2023-04-17,AMAZON PRIME*9LBVPOVH,Shopping,444.85
TXN001605,2023-04-17,H & M #86552,Clothing,115.40
TXN002005,2023-04-17,CONED WEB PAY,Utilities,427.79
TXN002824,2023-04-17,VERIZON WIRELESS,Utilities,367.10
TXN000711,2023-04-18,ATT*BILL PAYMENT,Utilities,174.89
TXN001398,2023-04-18,DD/BR #724869,Food & Drink,35.73
TXN001610,2023-04-18,RITE AID STORE 3852,Health,147.60
TXN002133,2023-04-18,GRUBHUB.COM,Food & Drink,211.11
TXN002286,2023-04-18,SOUTHWESTAIR.COM,Travel,358.63
TXN001636,2023-04-19,EXXON/MOBIL #8755916,Gas & Transport,475.66
TXN001757,2023-04-19,ITunes.com/bill,Entertainment,73.78
TXN002722,2023-04-19,CHASE CREDIT CRD EPAY,Finance,456.83
TXN000615,2023-04-20,AMZ*YWI83GMR,Shopping,370.24
TXN000986,2023-04-20,REGAL CINEMAS #4759,Entertainment,450.80
TXN001618,2023-04-20,NATIONALGRIDUS,Utilities,10.25
TXN001746,2023-04-20,MCDONALD'S F77980,Food & Drink,39.06
TXN002394,2023-04-20,UBER* TRIP HELP.UBER.COM,Gas & Transport,356.94
TXN002560,2023-04-20,CONED WEB PAY,Utilities,335.36
TXN000850,2023-04-21,NIKE #2995,Clothing,343.38
TXN001426,2023-04-21,ALDI #17742,Groceries,219.72
TXN001603,2023-04-21,SAFEWAY #1670,Groceries,179.78
TXN002522,2023-04-21,APPLE.COM/BILL,Electronics,100.20
TXN002853,2023-04-21,GRUBHUB.COM,Food & Drink,142.46
TXN000057,2023-04-22,MSBILL.INFO,Subscriptions,216.61
TXN001649,2023-04-22,VENMO,Finance,136.88
TXN002485,2023-04-22,Google Play,Entertainment,477.18
TXN001285,2023-04-23,PAYPAL *EBAY,Shopping,31.95
TXN002274,2023-04-23,UBER *TRIP,Gas & Transport,343.09
TXN000059,2023-04-24,TARGET #5525,Shopping,496.20
TXN000777,2023-04-24,COMCAST*928248846,Utilities,388.06
TXN001264,2023-04-24,PETCO #23011,Pets,343.33
TXN000260,2023-04-25,AT&T MOBILITY,Utilities,90.81
TXN000686,2023-04-25,CONED WEB PAY,Utilities,273.50
TXN000927,2023-04-25,LINKEDIN LEARNING,Education,203.15
TXN001156,2023-04-25,PAYPAL *PAYMENT,Finance,321.37
TXN002139,2023-04-25,VALVE*STEAM,Entertainment,175.14
TXN000120,2023-04-26,GAP #83974,Clothing,141.62
TXN001404,2023-04-26,PUBLIX #4484,Groceries,223.32
TXN001494,2023-04-26,EQUINOX #5783,Health & Fitness,454.89
TXN002210,2023-04-26,NETFLIX.COM,Subscriptions,306.66
TXN001025,2023-04-27,BKG*1380355476899,Travel,42.63
TXN001226,2023-04-27,VERIZON WIRELESS,Utilities,173.13
TXN000101,2023-04-28,PETSMART #1535,Pets,318.22
TXN000139,2023-04-28,VENMO,Finance,213.19
TXN000157,2023-04-28,UBER EATS HELP.UBER.COM,Food & Drink,177.87
TXN002084,2023-04-28,PANERA BREAD #6024,Food & Drink,466.41
TXN000528,2023-04-29,TJ MAXX #6941615,Clothing,172.76
TXN001522,2023-04-29,ETSY.COM,Shopping,446.27
TXN001806,2023-04-29,EXPEDIA,Travel,150.71
TXN002470,2023-04-29,NATIONALGRIDUS,Utilities,332.22
TXN000307,2023-04-30,BEST BUY CO INC,Electronics,337.42
TXN001640,2023-04-30,WALGREENS STORE,Health,171.00
TXN001860,2023-04-30,ITunes.com/bill,Entertainment,73.99
TXN002456,2023-04-30,PETCO #75532,Pets,241.64
TXN000203,2023-05-01,CHEVRON 24722164135881,Gas & Transport,26.46
TXN001292,2023-05-01,IKEA.COM/US,Home & Furniture,386.81
TXN001457,2023-05-01,ALDI #55851,Groceries,408.82
TXN002349,2023-05-01,UBER* EATS,Food & Drink,472.68
TXN002765,2023-05-01,SPOTIFY P42041,Subscriptions,63.81
TXN000785,2023-05-02,KROGER FUEL CENTER,Groceries,390.42
TXN001615,2023-05-02,EQUINOX #8153,Health & Fitness,428.96
TXN002265,2023-05-02,BESTBUY.COM,Electronics,352.81
TXN002374,2023-05-02,GAP.COM,Clothing,310.46
TXN002799,2023-05-02,SUBWAY #1239780,Food & Drink,71.40
TXN002111,2023-05-03,COURSERA INC,Education,498.00
TXN002207,2023-05-03,OLDNAVY.COM,Clothing,17.75
TXN002701,2023-05-03,LOWES.COM,Home Improvement,346.24
TXN000789,2023-05-04,Spotify USA,Subscriptions,327.36
TXN001894,2023-05-04,PUBLIX #697,Groceries,474.41
TXN002554,2023-05-04,UBEREATS,Food & Drink,220.85
TXN002827,2023-05-04,NETFLIX.COM,Subscriptions,246.72
TXN000238,2023-05-05,DOORDASH DASHPASS,Food & Drink,34.29
TXN001422,2023-05-05,WAL-MART #2616,Shopping,181.83
TXN002373,2023-05-05,ADOBE*006366602,Subscriptions,371.02
TXN001095,2023-05-06,CHASE CREDIT CRD EPAY,Finance,448.15
TXN001108,2023-05-06,BESTBUY.COM,Electronics,231.21
TXN001143,2023-05-06,AMERICAN AIRLINES,Travel,111.67
TXN001202,2023-05-06,TRADER JOE'S #535,Groceries,419.02
TXN002593,2023-05-06,CHASE CREDIT CRD EPAY,Finance,211.77
TXN002856,2023-05-06,COURSERA INC,Education,267.88
TXN000531,2023-05-07,WELLS FARGO BANK,Finance,233.96
TXN000921,2023-05-07,OLD NAVY #54267,Clothing,419.59
TXN001659,2023-05-07,WAYFAIR*20355048,Home & Furniture,131.80
TXN001794,2023-05-07,AMEX EPAYMENT ACH PMT,Finance,258.35
TXN000140,2023-05-08,LYFT *RIDE,Gas & Transport,363.11
TXN000362,2023-05-08,ETSY INC,Shopping,262.62
TXN002318,2023-05-08,UBER *TRIP,Gas & Transport,486.02
TXN002539,2023-05-08,AIRBNB * ORLNNM,Travel,142.30
TXN002922,2023-05-08,HILTON HHONORS,Travel,206.93
TXN000284,2023-05-09,LINKEDIN*PREMIUM,Education,40.07
TXN000735,2023-05-09,RITE AID STORE 9741,Health,7.06
TXN001274,2023-05-09,UBER EATS HELP.UBER.COM,Food & Drink,215.30
TXN000581,2023-05-10,NIKE #3574,Clothing,302.97
TXN001914,2023-05-10,COSTCO GAS #0747,Shopping,11.79
TXN002860,2023-05-10,ETSY INC,Shopping,106.80
TXN000064,2023-05-11,PANERA BREAD #187,Food & Drink,397.17
TXN000279,2023-05-11,UBER* TRIP HELP.UBER.COM,Gas & Transport,490.04
TXN001814,2023-05-11,GRUBHUB*BURGER JOINT,Food & Drink,45.33
TXN002124,2023-05-11,GAP.COM,Clothing,471.28
TXN002196,2023-05-11,PETCO #83179,Pets,420.29
TXN002366,2023-05-11,AMEX EPAYMENT ACH PMT,Finance,378.73
TXN001402,2023-05-12,BOOKING.COM,Travel,9.96
TXN002193,2023-05-12,GOOGLE*SVCSAPPS,Entertainment,396.71
TXN001080,2023-05-13,DUNKIN DONUTS,Food & Drink,376.30
TXN001174,2023-05-13,PLANET FITNESS #3786,Health & Fitness,56.97
TXN002423,2023-05-13,PANERA BREAD #4690,Food & Drink,478.74
TXN002440,2023-05-13,IKEA.COM/US,Home & Furniture,244.32
TXN000017,2023-05-14,ADOBE  *ADOBE,Subscriptions,369.53
TXN000451,2023-05-14,HULU*45240209,Subscriptions,269.10
TXN000718,2023-05-14,Spotify USA,Subscriptions,96.58
TXN001380,2023-05-14,GRUBHUB.COM,Food & Drink,303.19
TXN002146,2023-05-14,DELTA AIR LINES,Travel,230.66
TXN002476,2023-05-14,GAP.COM,Clothing,195.38
TXN000463,2023-05-15,GRUBHUB.COM,Food & Drink,54.26
TXN001586,2023-05-15,DOORDASH DASHPASS,Food & Drink,93.33
TXN001612,2023-05-15,DELTA*637252994935,Travel,296.67
TXN001665,2023-05-15,VENMO,Finance,224.97
TXN002434,2023-05-15,SHELL OIL 61368503123509,Gas & Transport,156.12
TXN000051,2023-05-16,RITE AID STORE 2985,Health,236.74
TXN001620,2023-05-16,TJMAXX.COM,Clothing,112.31
TXN002237,2023-05-16,WAYFAIR,Home & Furniture,234.79
TXN001790,2023-05-17,CHASE CREDIT CRD EPAY,Finance,68.57
TXN001872,2023-05-17,COSTCO WHSE #0896,Shopping,74.18
TXN000509,2023-05-18,COSTCO GAS #0519,Shopping,195.82
TXN000790,2023-05-18,CHEWY*96597819,Pets,252.31
TXN000924,2023-05-18,BKG*5770340980804,Travel,96.55
TXN001157,2023-05-18,SHELL SERVICE STATION,Gas & Transport,19.64
TXN001699,2023-05-18,NETFLIX.COM,Subscriptions,342.95
TXN000386,2023-05-19,AIRBNB PAYMENTS,Travel,49.41
TXN000607,2023-05-19,T-MOBILE*AUTO PAY,Utilities,414.92
TXN000638,2023-05-19,COSTCO.COM,Shopping,479.11
TXN000827,2023-05-19,VERIZON WIRELESS,Utilities,482.00
TXN001496,2023-05-19,COURSERA INC,Education,174.06
TXN001752,2023-05-19,PETCO #78461,Pets,121.03
TXN000395,2023-05-20,NATIONALGRIDUS,Utilities,376.09
TXN000513,2023-05-20,HOME DEPOT.COM,Home Improvement,240.36
TXN000806,2023-05-20,REGAL CINEMAS #4217,Entertainment,446.04
TXN002659,2023-05-20,SOUTHWESTAIR.COM,Travel,273.60
TXN002669,2023-05-20,WELLS FARGO BANK,Finance,268.25
TXN002407,2023-05-21,LYFT *RIDE,Gas & Transport,284.55
TXN002862,2023-05-21,SUBWAY #1760929,Food & Drink,440.67
TXN000717,2023-05-22,DUNKIN DONUTS,Food & Drink,413.96
TXN001942,2023-05-22,AMERICAN AIRLINES,Travel,400.47
TXN002284,2023-05-22,MCDONALD'S F33840,Food & Drink,463.88
TXN002757,2023-05-22,SPOTIFY P84379,Subscriptions,473.44
TXN000168,2023-05-23,WHOLEFDS SEA 306,Groceries,200.61
TXN000602,2023-05-23,NETFLIX.COM,Subscriptions,358.81
TXN000623,2023-05-23,PSN*PLAYSTATION,Entertainment,266.13
TXN000974,2023-05-23,IKEA.COM/US,Home & Furniture,224.01
TXN002354,2023-05-23,ZARA USA LLC,Clothing,458.15
TXN000518,2023-05-24,PLAYSTATION NETWORK,Entertainment,250.46
TXN000946,2023-05-24,VERIZON WIRELESS,Utilities,468.52
TXN001204,2023-05-24,MACY'S #2616,Clothing,124.98
TXN001604,2023-05-24,HOME DEPOT.COM,Home Improvement,247.24
TXN000041,2023-05-25,COURSERA,Education,354.72
TXN000899,2023-05-25,BEST BUY #4080470,Electronics,228.71
TXN001098,2023-05-25,PETCO #91621,Pets,41.85
TXN001865,2023-05-25,SOUTHWESTAIR.COM,Travel,153.16
TXN002481,2023-05-25,GAP.COM,Clothing,342.56
TXN000819,2023-05-26,BOOKING.COM,Travel,321.34
TXN000889,2023-05-26,PANERA BREAD #3560,Food & Drink,87.97
TXN001235,2023-05-26,WALGREENS #17302,Health,44.67
TXN002775,2023-05-26,TMOBILE*POSTPAID,Utilities,28.17
TXN001993,2023-05-27,T-MOBILE*AUTO PAY,Utilities,253.88
TXN002612,2023-05-27,AMEX EPAYMENT ACH PMT,Finance,82.96
TXN000476,2023-05-28,Spotify USA,Subscriptions,232.24
TXN000584,2023-05-28,DOORDASH*CHIPOTLE,Food & Drink,276.61
TXN000677,2023-05-28,KROGER #826,Groceries,197.86
TXN000814,2023-05-28,PAYPAL *EBAY,Shopping,454.39
TXN002635,2023-05-28,AT&T MOBILITY,Utilities,180.42
TXN002731,2023-05-28,VALVE*STEAM,Entertainment,298.68
TXN002822,2023-05-28,COMCAST CABLE COMM,Utilities,149.29
TXN000080,2023-05-29,UDEMY.COM*8SU11YWJ,Education,24.99
TXN000117,2023-05-29,WHOLEFDS SF 311,Groceries,219.10
TXN000632,2023-05-29,CHEWY.COM,Pets,342.27
TXN001000,2023-05-29,T-MOBILE*AUTO PAY,Utilities,474.53
TXN001507,2023-05-29,WAYFAIR*87237919,Home & Furniture,76.64
TXN002191,2023-05-29,CONED WEB PAY,Utilities,440.64
TXN000055,2023-05-30,ATT*BILL PAYMENT,Utilities,186.93
TXN000361,2023-05-30,PAYPAL *TRANSFER,Finance,190.85
TXN001283,2023-05-30,SPOTIFY P94288,Subscriptions,250.45
TXN000072,2023-05-31,KROGER #219,Groceries,104.23
TXN000480,2023-05-31,AMEX EPAYMENT ACH PMT,Finance,494.70
TXN001094,2023-05-31,UBER* TRIP HELP.UBER.COM,Gas & Transport,287.82
TXN001338,2023-05-31,EQUINOX #1506,Health & Fitness,482.98
TXN002136,2023-05-31,WHOLEFDS SEA 225,Groceries,435.03
TXN002229,2023-05-31,WAYFAIR,Home & Furniture,120.45
TXN002411,2023-05-31,PLANET FITNESS #5359,Health & Fitness,94.41
TXN001282,2023-06-01,SAFEWAY #5557,Groceries,261.27
TXN002204,2023-06-01,DISNEYPLUS.COM,Subscriptions,299.62
TXN000358,2023-06-02,MCDONALDS #44259,Food & Drink,362.47
TXN000655,2023-06-02,AT&T *PAYMENT,Utilities,447.96
TXN001166,2023-06-02,WALGREENS #65584,Health,163.33
TXN001921,2023-06-02,HULU*51541410,Subscriptions,281.15
TXN000075,2023-06-03,UBER* EATS,Food & Drink,381.33
TXN000676,2023-06-03,AT&T *PAYMENT,Utilities,483.58
TXN001165,2023-06-03,CAPITAL ONE ONLINE PMT,Finance,273.89
TXN001421,2023-06-03,WELLS FARGO BANK,Finance,133.43
TXN002188,2023-06-03,AIRBNB PAYMENTS,Travel,261.34
TXN002673,2023-06-03,WHOLEFDS LA 702,Groceries,497.85
TXN002929,2023-06-03,PLAYSTATION*STORE,Entertainment,84.31
TXN001415,2023-06-04,SUBWAY #8890783,Food & Drink,349.32
TXN001791,2023-06-04,PETSMART #2590,Pets,37.38
TXN000782,2023-06-05,LOWES.COM,Home Improvement,403.08
TXN001134,2023-06-05,PLAYSTATION NETWORK,Entertainment,355.15
TXN002532,2023-06-05,UBER *TRIP,Gas & Transport,457.09
TXN000018,2023-06-06,MARRIOTT,Travel,205.00
TXN000548,2023-06-06,SPOTIFY P89369,Subscriptions,296.31
TXN000662,2023-06-06,UBER *TRIP,Gas & Transport,99.97
TXN002920,2023-06-06,AMZN Mktp US*SUMEPQXF,Shopping,70.83
TXN000420,2023-06-07,CVS PHARMACY,Health,411.68
TXN000688,2023-06-07,PLANET FITNESS #7728,Health & Fitness,462.70
TXN002562,2023-06-07,DOORDASH*MCDONALD'S,Food & Drink,65.86
TXN000595,2023-06-08,AIRBNB * FBCJCY,Travel,80.53
TXN001203,2023-06-08,WALGREENS #52380,Health,321.53
TXN001488,2023-06-08,IKEA.COM/US,Home & Furniture,469.22
TXN001946,2023-06-08,GRUBHUB.COM,Food & Drink,405.37
TXN000085,2023-06-09,EQUINOX #1040,Health & Fitness,383.68
TXN001651,2023-06-09,PUBLIX #3186,Groceries,351.79
TXN001504,2023-06-10,SUBWAY #2702549,Food & Drink,371.01
TXN001595,2023-06-10,H&M STORE,Clothing,424.94
TXN002848,2023-06-10,GOOGLE *PLAY,Entertainment,438.01
TXN000273,2023-06-11,GRUBHUB*PIZZA CO,Food & Drink,373.35
TXN000338,2023-06-11,CHEVRON #666275,Gas & Transport,477.22
TXN000499,2023-06-11,GAP #76692,Clothing,383.20
TXN001075,2023-06-11,UDEMY.COM*Z5R6MYFF,Education,481.44
TXN001222,2023-06-11,PAYPAL *TRANSFER,Finance,321.29
TXN001721,2023-06-11,MCDONALD'S F58611,Food & Drink,278.07
TXN002007,2023-06-11,TJ MAXX #8393014,Clothing,411.00
TXN002392,2023-06-11,CONED WEB PAY,Utilities,442.90
TXN002466,2023-06-11,WAYFAIR*65150254,Home & Furniture,398.53
TXN002517,2023-06-11,NIKE STORE,Clothing,21.51
TXN002778,2023-06-11,BKG*6713717850657,Travel,216.08
TXN000115,2023-06-12,PAYPAL *PAYMENT,Finance,262.35
TXN000158,2023-06-12,IKEA.COM/US,Home & Furniture,405.37
TXN000432,2023-06-12,H&M STORE,Clothing,326.08
TXN000627,2023-06-12,PETCO #10870,Pets,244.33
TXN002888,2023-06-12,MACYS.COM,Clothing,391.79
TXN000141,2023-06-13,COMCAST*684377262,Utilities,45.04
TXN000587,2023-06-13,MCDONALDS #51537,Food & Drink,141.79
TXN000710,2023-06-13,STARBUCKS #20710,Food & Drink,407.22
TXN002044,2023-06-13,BESTBUY.COM,Electronics,229.43
TXN002662,2023-06-13,DOORDASH DASHPASS,Food & Drink,307.95
TXN002926,2023-06-13,BP#929198283739,Gas & Transport,362.25
TXN000443,2023-06-14,WHOLE FOODS MARKET,Groceries,298.63
TXN000667,2023-06-14,AMAZON WEB SVCS,Shopping,157.58
TXN001634,2023-06-14,CONED WEB PAY,Utilities,87.72
TXN002643,2023-06-14,WALGREENS #64872,Health,101.82
TXN000712,2023-06-15,TARGET T-1628,Shopping,333.70
TXN001364,2023-06-15,GAP #68936,Clothing,32.61
TXN002164,2023-06-15,CHASE CREDIT CRD EPAY,Finance,43.90
TXN000552,2023-06-16,UDEMY,Education,301.96
TXN000737,2023-06-16,AMEX EPAYMENT ACH PMT,Finance,362.31
TXN001057,2023-06-16,SAFEWAY #2053,Groceries,89.05
TXN001767,2023-06-16,NIKE.COM,Clothing,8.90
TXN000433,2023-06-17,COMCAST CABLE COMM,Utilities,188.20
TXN000616,2023-06-17,AMERICAN AIRLINES,Travel,241.25
TXN000048,2023-06-18,EQUINOX #1541,Health & Fitness,304.78
TXN001046,2023-06-18,TARGET T-3381,Shopping,143.48
TXN001088,2023-06-18,PETSMART #4410,Pets,221.67
TXN001887,2023-06-18,LOWES.COM,Home Improvement,244.19
TXN002644,2023-06-18,ETSY INC,Shopping,131.25
TXN002966,2023-06-18,OLD NAVY #42692,Clothing,2.20
TXN001616,2023-06-19,TRADER JOE'S #892,Groceries,350.27
TXN001072,2023-06-20,EQUINOX #9173,Health & Fitness,311.54
TXN001731,2023-06-20,AMERICAN AIRLINES,Travel,325.18
TXN000597,2023-06-21,TMOBILE*POSTPAID,Utilities,357.25
TXN000473,2023-06-22,EXPEDIA*721610377,Travel,421.39
TXN000475,2023-06-22,TRADER JOE'S #814,Groceries,116.52
TXN000646,2023-06-22,CAPITAL ONE ONLINE PMT,Finance,464.81
TXN001672,2023-06-22,EQUINOX #7476,Health & Fitness,128.60
TXN001725,2023-06-22,VZWRLSS*APOCC VISE,Utilities,163.62
TXN002353,2023-06-22,NIKE.COM,Clothing,148.06
TXN002502,2023-06-22,NATIONALGRIDUS,Utilities,300.15
TXN000567,2023-06-23,DUNKIN #379585,Food & Drink,404.22
TXN000183,2023-06-24,TARGET T-9182,Shopping,491.06
TXN001026,2023-06-24,WAL-MART #2557,Shopping,423.74
TXN001351,2023-06-24,TMOBILE*POSTPAID,Utilities,36.51
TXN001701,2023-06-24,MACY'S #1870,Clothing,187.30
TXN002212,2023-06-24,PLAYSTATION NETWORK,Entertainment,8.40
TXN002488,2023-06-24,GRUBHUB*SUSHI PLACE,Food & Drink,267.50
TXN002831,2023-06-24,WELLS FARGO BANK,Finance,103.54
TXN000005,2023-06-25,SOUTHWEST AIR,Travel,472.40
TXN000164,2023-06-25,Spotify USA,Subscriptions,323.94
TXN000240,2023-06-25,NIKE #6073,Clothing,37.02
TXN001135,2023-06-25,SAFEWAY #4686,Groceries,105.36
TXN001626,2023-06-25,EXXON/MOBIL #4718218,Gas & Transport,241.72
TXN001736,2023-06-25,PUBLIX #7297,Groceries,299.34
TXN000904,2023-06-27,BESTBUY.COM,Electronics,461.65
TXN001045,2023-06-27,DELTA AIR LINES,Travel,202.02
TXN001217,2023-06-27,CVS/PHARM,Health,21.08
TXN001326,2023-06-27,COMCAST*823925708,Utilities,157.57
TXN001742,2023-06-27,ADOBE  *ADOBE,Subscriptions,16.87
TXN002565,2023-06-27,TJ MAXX #3258250,Clothing,264.34
TXN000125,2023-06-28,CHASE AUTOPAY,Finance,126.71
TXN000985,2023-06-28,REGAL CINEMAS #5388,Entertainment,398.51
TXN001388,2023-06-28,DISNEYPLUS.COM,Subscriptions,371.40
TXN001569,2023-06-28,ETSY.COM,Shopping,404.92
TXN002437,2023-06-28,CHIPOTLE #9214,Food & Drink,62.03
TXN000614,2023-06-29,PLAYSTATION NETWORK,Entertainment,306.29
TXN000864,2023-06-29,UBEREATS,Food & Drink,250.89
TXN001139,2023-06-29,KROGER #513,Groceries,342.77
TXN001300,2023-06-29,SAFEWAY #8779,Groceries,58.79
TXN001730,2023-06-29,PETCO #12498,Pets,139.78
TXN002497,2023-06-29,SPOTIFY P18496,Subscriptions,81.27
TXN002777,2023-06-29,COMCAST*156668104,Utilities,305.48
TXN000542,2023-06-30,WAYFAIR LLC,Home & Furniture,12.40
TXN001328,2023-06-30,NETFLIX.COM,Subscriptions,354.60
TXN001430,2023-06-30,WELLS FARGO BANK,Finance,130.44
TXN001761,2023-06-30,AA*686301270957,Travel,253.70
TXN002055,2023-06-30,BP GAS #275174,Gas & Transport,269.54
TXN000497,2023-07-01,BEST BUY #5905478,Electronics,229.01
TXN000942,2023-07-01,DISNEY PLUS,Subscriptions,408.23
TXN001739,2023-07-01,VALVE*STEAM,Entertainment,45.14
TXN002512,2023-07-01,EXXONMOBIL GAS,Gas & Transport,257.29
TXN000016,2023-07-02,TRADER JOE'S #263,Groceries,176.26
TXN000081,2023-07-02,HULU,Subscriptions,200.98
TXN000298,2023-07-02,ZARA #2765,Clothing,208.54
TXN000803,2023-07-02,HILTON HHONORS,Travel,267.60
TXN000831,2023-07-02,SOUTHWEST AIR,Travel,205.78
TXN001171,2023-07-02,PSN*PLAYSTATION,Entertainment,200.76
TXN001348,2023-07-02,HULU,Subscriptions,271.52
TXN002753,2023-07-02,COURSERA,Education,88.80
TXN000749,2023-07-03,KROGER FUEL CENTER,Groceries,422.35
TXN001462,2023-07-03,GRUBHUB.COM,Food & Drink,449.50
TXN001676,2023-07-03,CAPITAL ONE ONLINE PMT,Finance,69.40
TXN002523,2023-07-03,TJMAXX.COM,Clothing,412.04
TXN000090,2023-07-04,BEST BUY CO INC,Electronics,45.94
TXN001161,2023-07-04,EQUINOX #8476,Health & Fitness,75.90
TXN002402,2023-07-04,PANERA BREAD #4886,Food & Drink,96.93
TXN001412,2023-07-05,PETSMART #4179,Pets,313.40
TXN001931,2023-07-05,CHEVRON 60374973600139,Gas & Transport,178.93
TXN002161,2023-07-05,DOORDASH*SUBWAY,Food & Drink,24.80
TXN000856,2023-07-06,PAYPAL *EBAY,Shopping,286.50
TXN000871,2023-07-06,OLDNAVY.COM,Clothing,118.78
TXN002134,2023-07-06,Google Play,Entertainment,276.77
TXN002420,2023-07-06,SUBWAY #48629,Food & Drink,463.86
TXN002574,2023-07-06,WELLS FARGO BANK,Finance,68.93
TXN000052,2023-07-07,PETCO #88060,Pets,278.40
TXN000525,2023-07-07,EXPEDIA,Travel,209.86
TXN001470,2023-07-07,LOWE'S #3882,Home Improvement,99.32
TXN001932,2023-07-07,XBOX GAME PASS,Subscriptions,270.92
TXN002564,2023-07-07,DOORDASH*DOMINOS,Food & Drink,132.40
TXN002840,2023-07-07,ZARA USA LLC,Clothing,404.24
TXN000015,2023-07-08,AIRBNB PAYMENTS,Travel,188.48
TXN001625,2023-07-08,PETCO #90980,Pets,487.34
TXN000547,2023-07-09,AA*293332269928,Travel,303.29
TXN000883,2023-07-09,T-MOBILE*AUTO PAY,Utilities,444.99
TXN002400,2023-07-09,XBOX GAME PASS,Subscriptions,275.80
TXN002784,2023-07-09,Spotify USA,Subscriptions,62.62
TXN002915,2023-07-09,GAP #80747,Clothing,204.92
TXN001304,2023-07-10,H & M #78590,Clothing,93.42
TXN001890,2023-07-10,DISNEY PLUS,Subscriptions,304.43
TXN002020,2023-07-10,T-MOBILE*AUTO PAY,Utilities,459.48
TXN002432,2023-07-10,PETCO #41582,Pets,38.58
TXN002864,2023-07-10,AIRBNB * LJGMYL,Travel,10.89
TXN000438,2023-07-11,EXXON 34616072646018,Gas & Transport,37.50
TXN001681,2023-07-11,CVS/PHARM,Health,231.53
TXN001708,2023-07-11,PANERABREAD.COM,Food & Drink,488.98
TXN002399,2023-07-11,AT&T MOBILITY,Utilities,229.93
TXN000172,2023-07-12,THE HOME DEPOT #2471,Home Improvement,491.09
TXN000462,2023-07-12,Spotify USA,Subscriptions,134.93
TXN000832,2023-07-12,IKEA.COM/US,Home & Furniture,59.66
TXN000936,2023-07-13,WAL-MART SUPERCENTER,Shopping,462.41
TXN001712,2023-07-13,STARBUCKS STORE 73755,Food & Drink,301.26
TXN000060,2023-07-14,BOOKING.COM,Travel,156.11
TXN000184,2023-07-14,SAFEWAY #5234,Groceries,407.89
TXN000459,2023-07-14,WAYFAIR,Home & Furniture,3.43
TXN000466,2023-07-14,CHIPOTLE ONLINE,Food & Drink,226.90
TXN000554,2023-07-14,MC DONALDS,Food & Drink,443.10
TXN000969,2023-07-14,AMZN Mktp US*J66L8UL7,Shopping,87.19
TXN001466,2023-07-14,PLAYSTATION NETWORK,Entertainment,227.29
TXN001841,2023-07-14,ZARA USA LLC,Clothing,317.21
TXN002065,2023-07-14,DISNEY PLUS,Subscriptions,191.33
TXN002709,2023-07-14,AT&T *PAYMENT,Utilities,206.72
TXN000393,2023-07-15,XBOX GAME PASS,Subscriptions,444.51
TXN000929,2023-07-15,EQUINOX #5274,Health & Fitness,250.10
TXN001240,2023-07-15,CHASE AUTOPAY,Finance,471.60
TXN001241,2023-07-15,BP GAS #736659,Gas & Transport,318.71
TXN001483,2023-07-15,APPLE.COM/BILL,Entertainment,453.02
TXN002477,2023-07-15,OLD NAVY #86026,Clothing,71.08
TXN002543,2023-07-15,VENMO,Finance,256.95
TXN000400,2023-07-16,EXPEDIA*163281304,Travel,347.16
TXN000826,2023-07-16,SOUTHWEST AIR,Travel,162.88
TXN000858,2023-07-16,AA*626003735354,Travel,241.20
TXN001262,2023-07-16,EXXON/MOBIL #5089339,Gas & Transport,341.39
TXN001706,2023-07-16,CVS/PHARM,Health,405.87
TXN000746,2023-07-17,AMERICAN AIRLINES,Travel,34.50
TXN001236,2023-07-17,CHEWY.COM,Pets,235.23
TXN002109,2023-07-17,IKEA.COM/US,Home & Furniture,258.93
TXN002884,2023-07-17,KROGER #845,Groceries,498.23
TXN000792,2023-07-18,VZW*VERIZON,Utilities,491.70
TXN002163,2023-07-18,AIRBNB * YCINLL,Travel,123.40
TXN000180,2023-07-19,CHEWY.COM,Pets,268.51
TXN000733,2023-07-19,PANERABREAD.COM,Food & Drink,174.87
TXN000987,2023-07-19,PUBLIX #4375,Groceries,123.53
TXN001594,2023-07-19,COSTCO GAS #0643,Shopping,380.46
TXN002391,2023-07-19,VERIZON WIRELESS,Utilities,469.10
TXN002691,2023-07-20,SOUTHWEST AIR,Travel,339.03
TXN001020,2023-07-21,UBER* EATS,Food & Drink,218.58
TXN001309,2023-07-21,LINKEDIN LEARNING,Education,323.11
TXN001386,2023-07-21,HILTON HHONORS,Travel,497.10
TXN002346,2023-07-21,VALVE*STEAM,Entertainment,196.08
TXN002540,2023-07-21,AMC THEATRES #8225,Entertainment,119.00
TXN000772,2023-07-22,COMCAST*317804095,Utilities,452.53
TXN002080,2023-07-22,UDEMY.COM*IF4ZOWX8,Education,196.16
TXN002137,2023-07-22,HULU*13587097,Subscriptions,296.64
TXN002181,2023-07-22,BOOKING.COM,Travel,388.64
TXN002603,2023-07-22,UBER *TRIP HELP.UBER.C,Gas & Transport,379.51
TXN002386,2023-07-23,SAFEWAY #2653,Groceries,58.75
TXN002657,2023-07-23,OLDNAVY.COM,Clothing,479.91
TXN002672,2023-07-23,AA*505062605177,Travel,34.39
TXN000436,2023-07-24,BEST BUY #4780880,Electronics,349.85
TXN000680,2023-07-24,EXPEDIA*343265442,Travel,372.68
TXN001652,2023-07-24,AMC #96534,Entertainment,179.13
TXN000401,2023-07-25,ZARA #9908,Clothing,200.62
TXN000950,2023-07-25,AA*404309768467,Travel,53.43
TXN001185,2023-07-25,TJ MAXX #4294021,Clothing,230.79
TXN002361,2023-07-25,VENMO,Finance,33.77
TXN002875,2023-07-25,BP#497887912542,Gas & Transport,83.82
TXN002967,2023-07-25,CONED WEB PAY,Utilities,192.23
TXN000170,2023-07-26,H&M STORE,Clothing,449.17
TXN001194,2023-07-26,AA*621446971452,Travel,203.67
TXN001373,2023-07-26,T-MOBILE*AUTO PAY,Utilities,174.71
TXN001900,2023-07-26,EXPEDIA,Travel,381.53
TXN000563,2023-07-27,RITE AID STORE 6702,Health,471.21
TXN000759,2023-07-27,BOOKING.COM,Travel,167.35
TXN000917,2023-07-27,LYFT *1 LYFT.COM,Gas & Transport,272.95
TXN001107,2023-07-27,CAPITAL ONE ONLINE PMT,Finance,254.89
TXN000294,2023-07-28,NETFLIX.COM,Subscriptions,2.83
TXN000482,2023-07-28,PANERABREAD.COM,Food & Drink,411.40
TXN000678,2023-07-28,WELLS FARGO BANK,Finance,100.96
TXN002307,2023-07-28,ETSY INC,Shopping,329.25
TXN002450,2023-07-28,BESTBUY.COM,Electronics,342.34
TXN002500,2023-07-28,UBER* TRIP HELP.UBER.COM,Gas & Transport,2.62
TXN000286,2023-07-29,PSN*PLAYSTATION,Entertainment,228.10
TXN001167,2023-07-29,TMOBILE*POSTPAID,Utilities,203.20
TXN001529,2023-07-29,NIKE STORE,Clothing,173.90
TXN001641,2023-07-29,MACYS.COM,Clothing,93.07
TXN002213,2023-07-29,SUBWAY #1528944,Food & Drink,403.02
TXN002076,2023-07-30,UDEMY.COM*L9L9LXWB,Education,350.58
TXN002740,2023-07-30,DISNEY PLUS,Subscriptions,77.41
TXN000411,2023-07-31,DUNKIN DONUTS,Food & Drink,387.93
TXN000578,2023-07-31,LYFT *1 LYFT.COM,Gas & Transport,474.58
TXN002159,2023-07-31,COSTCO GAS #0928,Shopping,224.44
TXN001249,2023-08-01,PETCO #24611,Pets,429.39
TXN001854,2023-08-01,UBER *TRIP HELP.UBER.C,Gas & Transport,317.11
TXN002908,2023-08-01,BKG*8962799199054,Travel,478.35
TXN000182,2023-08-02,CVS/PHARM,Health,41.45
TXN000271,2023-08-02,EXXONMOBIL GAS,Gas & Transport,331.09
TXN002226,2023-08-02,BP#597779433888,Gas & Transport,337.29
TXN002414,2023-08-02,GAP.COM,Clothing,393.24
TXN002482,2023-08-02,BKG*1837791733341,Travel,9.26
TXN000488,2023-08-03,PUBLIX #9283,Groceries,52.21
TXN003000,2023-08-03,PLAYSTATION NETWORK,Entertainment,79.33
TXN000649,2023-08-04,CVS/PHARMACY #65523,Health,33.19
TXN001538,2023-08-04,CHASE AUTOPAY,Finance,279.36
TXN001859,2023-08-04,THE HOME DEPOT #5376,Home Improvement,484.25
TXN002816,2023-08-04,Amazon.com*3EPPL3K1,Shopping,364.20
TXN002942,2023-08-04,COURSERA,Education,327.94
TXN000227,2023-08-05,CHEVRON 64978230916815,Gas & Transport,290.79
TXN001078,2023-08-05,TRADER JOE'S #735,Groceries,411.69
TXN001661,2023-08-05,PAYPAL *EBAY,Shopping,117.73
TXN002128,2023-08-05,UDEMY.COM*UA08SDLW,Education,205.81
TXN001325,2023-08-06,GOOGLE *PLAY,Entertainment,50.87
TXN001455,2023-08-06,CVS/PHARM,Health,239.76
TXN000684,2023-08-07,SOUTHWESTAIR.COM,Travel,332.32
TXN001229,2023-08-07,UDEMY,Education,96.67
TXN001321,2023-08-07,AMEX EPAYMENT ACH PMT,Finance,257.38
TXN001571,2023-08-07,T-MOBILE*AUTO PAY,Utilities,25.22
TXN001966,2023-08-07,RITE AID STORE 5655,Health,206.11
TXN002490,2023-08-07,ALDI #34207,Groceries,313.02
TXN000329,2023-08-08,DD/BR #934409,Food & Drink,293.56
TXN000385,2023-08-08,AA*872662961057,Travel,144.67
TXN000167,2023-08-09,SOUTHWEST AIR,Travel,356.08
TXN000357,2023-08-09,HILTON HHONORS,Travel,8.55
TXN001906,2023-08-09,STEAM PURCHASE,Entertainment,215.17
TXN001969,2023-08-09,VZW*VERIZON,Utilities,153.07
TXN000849,2023-08-10,WHOLE FOODS MARKET,Groceries,72.66
TXN001533,2023-08-10,WHOLEFDS LA 719,Groceries,132.49
TXN001691,2023-08-10,AA*192548267907,Travel,209.06
TXN000303,2023-08-11,KROGER FUEL CENTER,Groceries,199.23
TXN000556,2023-08-11,EXXON 67791104829505,Gas & Transport,267.39
TXN000579,2023-08-11,PANERABREAD.COM,Food & Drink,323.59
TXN001468,2023-08-11,STARBUCKS STORE 41183,Food & Drink,136.57
TXN000011,2023-08-12,ADOBE*781322134,Subscriptions,303.20
TXN000540,2023-08-12,APPLE.COM/BILL,Entertainment,197.13
TXN001050,2023-08-12,RITE AID STORE 9358,Health,331.32
TXN001068,2023-08-14,UBER* TRIP HELP.UBER.COM,Gas & Transport,30.11
TXN001495,2023-08-14,PAYPAL *INST XFER,Finance,76.97
TXN002135,2023-08-14,RITE AID STORE 7770,Health,397.96
TXN002804,2023-08-14,ALDI #26628,Groceries,211.96
TXN000736,2023-08-15,VZW*VERIZON,Utilities,89.79
TXN002266,2023-08-15,WALGREENS STORE,Health,497.56
TXN002640,2023-08-15,AMEX EPAYMENT ACH PMT,Finance,150.93
TXN002687,2023-08-15,SAFEWAY #4991,Groceries,159.29
TXN000857,2023-08-16,SOUTHWEST AIR,Travel,311.17
TXN002230,2023-08-16,HOME DEPOT.COM,Home Improvement,147.56
TXN002305,2023-08-16,VENMO,Finance,161.04
TXN000006,2023-08-17,AA*158983497329,Travel,172.14
TXN001517,2023-08-17,Apple Store,Electronics,277.51
TXN001346,2023-08-18,EQUINOX #5387,Health & Fitness,201.54
TXN000430,2023-08-19,UBEREATS,Food & Drink,121.62
TXN001043,2023-08-19,MCDONALDS #47878,Food & Drink,330.09
TXN001151,2023-08-19,DELTA AIR LINES,Travel,421.15
TXN001514,2023-08-19,CHIPOTLE #6553,Food & Drink,300.10
TXN001892,2023-08-19,UBER *TRIP,Gas & Transport,438.02
TXN002677,2023-08-19,EXPEDIA,Travel,140.11
TXN000019,2023-08-20,CAPITAL ONE ONLINE PMT,Finance,49.59
TXN001827,2023-08-20,ADOBE  *ADOBE,Subscriptions,337.57
TXN002342,2023-08-20,STARBUCKS STORE 15379,Food & Drink,179.43
TXN002585,2023-08-20,DUNKIN #300984,Food & Drink,72.07
TXN001076,2023-08-21,SAFEWAY #9680,Groceries,164.01
TXN002418,2023-08-21,WELLS FARGO BANK,Finance,123.22
TXN000100,2023-08-22,BEST BUY CO INC,Electronics,295.20
TXN000794,2023-08-22,WAYFAIR LLC,Home & Furniture,106.38
TXN000380,2023-08-23,CONED WEB PAY,Utilities,432.50
TXN000817,2023-08-23,WAL-MART SUPERCENTER,Shopping,116.20
TXN001175,2023-08-23,HILTON HHONORS,Travel,234.86
TXN000161,2023-08-24,BEST BUY CO INC,Electronics,458.51
TXN001614,2023-08-24,KROGER #989,Groceries,108.62
TXN001944,2023-08-24,BEST BUY CO INC,Electronics,145.96
TXN002244,2023-08-24,BEST BUY #8508435,Electronics,146.77
TXN002435,2023-08-24,CHEVRON 83806964904873,Gas & Transport,56.89
TXN002629,2023-08-24,COMCAST CABLE COMM,Utilities,437.84
TXN000073,2023-08-25,WELLS FARGO BANK,Finance,417.13
TXN000196,2023-08-25,NIKE STORE,Clothing,486.81
TXN000276,2023-08-25,MCDONALD'S F19047,Food & Drink,365.25
TXN001118,2023-08-25,MARRIOTT,Travel,273.61
TXN001136,2023-08-25,WELLS FARGO BANK,Finance,174.45
TXN001653,2023-08-25,ETSY INC,Shopping,456.91
TXN000054,2023-08-26,TMOBILE*POSTPAID,Utilities,467.05
TXN000295,2023-08-26,COURSERA INC,Education,191.39
TXN000304,2023-08-26,BP#131138475263,Gas & Transport,212.90
TXN000843,2023-08-26,APPLE.COM/BILL,Entertainment,327.22
TXN001358,2023-08-26,DOORDASH*DOMINOS,Food & Drink,456.60
TXN001711,2023-08-26,TJMAXX.COM,Clothing,255.99
TXN001965,2023-08-26,EXXON 44788731823128,Gas & Transport,275.70
TXN002056,2023-08-26,CHASE CREDIT CRD EPAY,Finance,16.14
TXN002130,2023-08-26,NATIONALGRIDUS,Utilities,50.22
TXN002149,2023-08-26,WALGREENS #74932,Health,117.45
TXN002627,2023-08-26,AT&T *PAYMENT,Utilities,226.39
TXN000208,2023-08-27,VZW*VERIZON,Utilities,200.23
TXN001038,2023-08-27,COSTCO WHSE #0676,Shopping,266.81
TXN002319,2023-08-27,NIKE STORE,Clothing,141.71
TXN002347,2023-08-28,Amazon.com*O3LM4I9R,Shopping,341.95
TXN002351,2023-08-28,SHELL OIL 96481976851519,Gas & Transport,362.23
TXN002474,2023-08-28,RITE AID STORE 9579,Health,406.16
TXN002678,2023-08-28,LOWE'S #7525,Home Improvement,221.32
TXN002750,2023-08-28,CONED WEB PAY,Utilities,240.31
TXN000256,2023-08-29,DELTA AIR LINES,Travel,379.71
TXN001933,2023-08-29,OLDNAVY.COM,Clothing,118.15
TXN000467,2023-08-30,PAYPAL *PAYMENT,Finance,47.67
TXN000526,2023-08-30,CONED WEB PAY,Utilities,16.91
TXN001009,2023-08-30,SOUTHWEST AIR,Travel,131.52
TXN001532,2023-08-30,SOUTHWEST AIR,Travel,95.09
TXN001727,2023-08-30,SHELL OIL 55938751460569,Gas & Transport,305.81
TXN002160,2023-08-30,DELTA AIR LINES,Travel,202.28
TXN000795,2023-08-31,CHEVRON #761297,Gas & Transport,252.13
TXN002706,2023-08-31,CONED WEB PAY,Utilities,185.66
TXN001031,2023-09-01,VENMO,Finance,382.47
TXN002463,2023-09-01,SAFEWAY #7748,Groceries,484.65
TXN002838,2023-09-01,TARGET.COM,Shopping,61.34
TXN002913,2023-09-01,CAPITAL ONE ONLINE PMT,Finance,243.13
TXN001414,2023-09-02,MCDONALD'S F59147,Food & Drink,431.39
TXN002614,2023-09-02,COURSERA,Education,221.18
TXN000151,2023-09-03,EXPEDIA*183311418,Travel,156.41
TXN001041,2023-09-03,EXPEDIA*423609630,Travel,317.30
TXN001597,2023-09-03,COSTCO.COM,Shopping,161.68
TXN000278,2023-09-04,VALVE*STEAM,Entertainment,231.77
TXN000481,2023-09-04,NETFLIX.COM,Subscriptions,431.27
TXN002436,2023-09-04,GAP.COM,Clothing,298.98
TXN002806,2023-09-04,OLDNAVY.COM,Clothing,409.51
TXN002954,2023-09-04,DISNEYPLUS.COM,Subscriptions,99.06
TXN001499,2023-09-05,ADOBE  *ADOBE,Subscriptions,211.40
TXN001878,2023-09-05,APPLE.COM/BILL,Entertainment,448.49
TXN001995,2023-09-05,EQUINOX #6425,Health & Fitness,20.80
TXN002501,2023-09-05,PUBLIX #714,Groceries,330.41
TXN000176,2023-09-06,CONED WEB PAY,Utilities,447.40
TXN000647,2023-09-06,DOORDASH*PIZZA HUT,Food & Drink,294.74
TXN002994,2023-09-06,WELLS FARGO BANK,Finance,223.07
TXN000133,2023-09-07,AT&T *PAYMENT,Utilities,402.95
TXN000854,2023-09-07,PAYPAL *EBAY,Shopping,224.30
TXN001568,2023-09-07,BESTBUY.COM,Electronics,376.34
TXN001771,2023-09-07,Spotify USA,Subscriptions,469.13
TXN002178,2023-09-07,PETSMART #6294,Pets,413.35
TXN002852,2023-09-07,Amazon.com*F7Q5Z63V,Shopping,240.94
TXN000262,2023-09-08,AIRBNB * UNEORV,Travel,196.68
TXN000445,2023-09-08,WAYFAIR*71291424,Home & Furniture,166.29
TXN001329,2023-09-08,WALGREENS STORE,Health,116.93
TXN001383,2023-09-08,Spotify USA,Subscriptions,334.38
TXN000506,2023-09-09,MARRIOTT,Travel,222.77
TXN001018,2023-09-09,MACY'S #3744,Clothing,110.13
TXN001882,2023-09-09,BEST BUY CO INC,Electronics,93.60
TXN002314,2023-09-09,TJ MAXX #2690478,Clothing,286.01
TXN002724,2023-09-09,AIRBNB * JWNWIE,Travel,341.03
TXN002728,2023-09-09,CVS/PHARM,Health,97.48
TXN000211,2023-09-10,REGAL CINEMAS #3425,Entertainment,491.39
TXN000510,2023-09-10,PLANET FITNESS #6158,Health & Fitness,241.17
TXN000609,2023-09-10,TARGET.COM,Shopping,160.94
TXN000725,2023-09-10,MC DONALDS,Food & Drink,97.46
TXN001266,2023-09-10,HILTON HOTELS,Travel,150.58
TXN001935,2023-09-10,AT&T *PAYMENT,Utilities,184.82
TXN002006,2023-09-11,KROGER FUEL CENTER,Groceries,196.68
TXN002241,2023-09-11,LOWES.COM,Home Improvement,133.63
TXN002336,2023-09-11,WALGREENS #71596,Health,325.38
TXN000225,2023-09-12,SPOTIFY P70337,Subscriptions,377.79
TXN000778,2023-09-12,Google Play,Entertainment,105.00
TXN001137,2023-09-12,NATIONALGRIDUS,Utilities,444.94
TXN001459,2023-09-12,BP#344226288356,Gas & Transport,80.28
TXN002147,2023-09-12,Google Play,Entertainment,462.82
TXN002257,2023-09-12,APPLE.COM/BILL,Entertainment,473.95
TXN002979,2023-09-12,ADOBE*853771383,Subscriptions,328.46
TXN001356,2023-09-13,KROGER #167,Groceries,11.11
TXN001829,2023-09-13,COMCAST*230760855,Utilities,174.03
TXN002298,2023-09-13,CVS/PHARM,Health,70.84
TXN000149,2023-09-14,PUBLIX #1668,Groceries,449.10
TXN000391,2023-09-14,ETSY.COM,Shopping,378.02
TXN001759,2023-09-14,CHEVRON #537601,Gas & Transport,443.09
TXN001833,2023-09-14,PSN*PLAYSTATION,Entertainment,137.77
TXN002901,2023-09-14,ITunes.com/bill,Entertainment,380.59
TXN000093,2023-09-15,THE HOME DEPOT #4484,Home Improvement,124.33
TXN000190,2023-09-15,ETSY INC,Shopping,257.90
TXN000192,2023-09-15,DELTA*034605018604,Travel,258.21
TXN000738,2023-09-15,UDEMY,Education,267.59
TXN000833,2023-09-15,CAPITAL ONE ONLINE PMT,Finance,255.69
TXN001886,2023-09-15,MCDONALD'S F58677,Food & Drink,190.70
TXN002059,2023-09-15,NATIONALGRIDUS,Utilities,5.08
TXN002506,2023-09-15,ETSY.COM,Shopping,166.70
TXN000252,2023-09-16,VALVE*STEAM,Entertainment,329.21
TXN000629,2023-09-16,HOME DEPOT.COM,Home Improvement,133.38
TXN000900,2023-09-16,DOORDASH DASHPASS,Food & Drink,452.69
TXN000962,2023-09-16,CAPITAL ONE ONLINE PMT,Finance,116.88
TXN001947,2023-09-16,IKEA.COM/US,Home & Furniture,80.69
TXN001333,2023-09-17,TMOBILE*POSTPAID,Utilities,274.56
TXN001819,2023-09-17,BEST BUY CO INC,Electronics,216.29
TXN002364,2023-09-17,PETCO #30343,Pets,235.22
TXN001403,2023-09-18,ZARA USA LLC,Clothing,162.15
TXN001957,2023-09-18,HULU,Subscriptions,481.23
TXN002143,2023-09-18,CONED WEB PAY,Utilities,5.14
TXN002360,2023-09-18,NETFLIX.COM,Subscriptions,466.16
TXN002368,2023-09-18,LINKEDIN*PREMIUM,Education,398.75
TXN000484,2023-09-19,RITE AID STORE 2974,Health,493.86
TXN002589,2023-09-19,COMCAST CABLE COMM,Utilities,80.61
TXN002916,2023-09-19,COSTCO.COM,Shopping,410.54
TXN002988,2023-09-19,AMEX EPAYMENT ACH PMT,Finance,381.45
TXN001187,2023-09-20,CONED WEB PAY,Utilities,463.54
TXN002016,2023-09-20,VENMO,Finance,336.96
TXN002397,2023-09-20,HOME DEPOT.COM,Home Improvement,24.40
TXN002404,2023-09-20,PUBLIX #554,Groceries,232.25
TXN002495,2023-09-20,SPOTIFY P12785,Subscriptions,259.45
TXN000289,2023-09-21,GOOGLE *PLAY,Entertainment,468.38
TXN001862,2023-09-21,ETSY.COM,Shopping,119.15
TXN000519,2023-09-22,DUNKIN #364124,Food & Drink,271.40
TXN000589,2023-09-22,MARRIOTT,Travel,253.21
TXN001184,2023-09-22,TMOBILE*POSTPAID,Utilities,428.20
TXN002216,2023-09-22,Spotify USA,Subscriptions,100.48
TXN002821,2023-09-22,HULU,Subscriptions,80.41
TXN000315,2023-09-23,DOORDASH DASHPASS,Food & Drink,141.32
TXN000752,2023-09-23,ATT*BILL PAYMENT,Utilities,201.01
TXN001846,2023-09-23,ZARA #8301,Clothing,195.16
TXN002947,2023-09-23,GAP #19699,Clothing,42.57
TXN000925,2023-09-24,Spotify USA,Subscriptions,270.07
TXN001298,2023-09-24,TARGET.COM,Shopping,73.88
TXN001606,2023-09-24,PANERABREAD.COM,Food & Drink,354.63
TXN001801,2023-09-24,SUBWAY #3773616,Food & Drink,112.66
TXN002043,2023-09-24,TARGET T-2837,Shopping,306.97
TXN001647,2023-09-25,COMCAST CABLE COMM,Utilities,132.19
TXN002531,2023-09-25,TARGET.COM,Shopping,259.11
TXN001382,2023-09-26,EQUINOX #5010,Health & Fitness,92.88
TXN001658,2023-09-26,MCDONALDS #74083,Food & Drink,270.93
TXN002439,2023-09-26,CHEVRON 50800780265045,Gas & Transport,187.40
TXN002690,2023-09-26,TARGET #8666,Shopping,449.55
TXN002825,2023-09-26,PAYPAL *EBAY,Shopping,499.47
TXN000148,2023-09-27,T-MOBILE*AUTO PAY,Utilities,49.17
TXN001916,2023-09-27,PETSMART #4395,Pets,106.38
TXN002223,2023-09-27,GRUBHUB*BURGER JOINT,Food & Drink,240.81
TXN002333,2023-09-27,GOOGLE*SVCSAPPS,Entertainment,20.29
TXN000414,2023-09-28,CVS/PHARMACY #97558,Health,94.83
TXN000780,2023-09-28,AMC #46912,Entertainment,454.53
TXN001719,2023-09-28,BOOKING.COM,Travel,127.34
TXN000301,2023-09-29,WALGREENS #92689,Health,153.20
TXN000572,2023-09-29,PETSMART #7603,Pets,355.73
TXN001352,2023-09-29,KROGER #776,Groceries,321.44
TXN001810,2023-09-29,BP#326701041668,Gas & Transport,190.02
TXN002009,2023-09-29,DOORDASH*SUBWAY,Food & Drink,162.17
TXN002050,2023-09-29,NIKE.COM,Clothing,460.05
TXN000039,2023-09-30,DUNKIN #369498,Food & Drink,361.16
TXN000521,2023-09-30,VENMO,Finance,374.97
TXN001014,2023-09-30,STARBUCKS #64485,Food & Drink,345.98
TXN001140,2023-09-30,REGAL CINEMAS #7397,Entertainment,344.46
TXN002275,2023-09-30,REGAL CINEMAS #6896,Entertainment,321.61
TXN001372,2023-10-01,TJ MAXX #5476015,Clothing,291.63
TXN002074,2023-10-01,AIRBNB * XQLIFA,Travel,122.78
TXN002270,2023-10-01,NETFLIX.COM,Subscriptions,438.36
TXN000128,2023-10-02,BOOKING.COM,Travel,73.14
TXN000973,2023-10-02,AMERICAN AIRLINES,Travel,216.00
TXN002987,2023-10-02,MACY'S #8987,Clothing,397.57
TXN002371,2023-10-03,COURSERA INC,Education,428.18
TXN002665,2023-10-03,WHOLE FOODS MARKET,Groceries,157.59
TXN000923,2023-10-04,HILTON HOTELS,Travel,27.74
TXN001003,2023-10-04,VZWRLSS*APOCC VISE,Utilities,437.84
TXN001327,2023-10-04,EXPEDIA,Travel,171.37
TXN001375,2023-10-04,AMEX EPAYMENT ACH PMT,Finance,142.41
TXN001824,2023-10-04,NETFLIX.COM,Subscriptions,64.43
TXN001996,2023-10-04,MARRIOTT HOTELS,Travel,396.55
TXN002427,2023-10-04,COSTCO WHSE #0937,Shopping,46.13
TXN000558,2023-10-05,GAP.COM,Clothing,373.89
TXN000770,2023-10-05,COSTCO GAS #0736,Shopping,283.49
TXN001099,2023-10-05,CHEWY*82254371,Pets,227.38
TXN001758,2023-10-05,AMEX EPAYMENT ACH PMT,Finance,464.68
TXN000732,2023-10-06,WALGREENS #76872,Health,161.89
TXN001354,2023-10-06,GAP #21733,Clothing,354.39
TXN001505,2023-10-06,AMERICAN AIRLINES,Travel,324.46
TXN001732,2023-10-06,UBER EATS HELP.UBER.COM,Food & Drink,297.49
TXN002119,2023-10-06,PETCO #72288,Pets,374.62
TXN002248,2023-10-06,XBOX GAME PASS,Subscriptions,189.63
TXN000984,2023-10-07,PANERA BREAD #4237,Food & Drink,466.91
TXN001477,2023-10-07,LOWE'S #8293,Home Improvement,330.74
TXN001700,2023-10-07,ETSY INC,Shopping,466.93
TXN001983,2023-10-07,RITE AID STORE 9555,Health,206.35
TXN001268,2023-10-08,COMCAST CABLE COMM,Utilities,305.54
TXN002851,2023-10-08,BP GAS #917941,Gas & Transport,255.25
TXN000135,2023-10-09,UDEMY.COM*8ZSYZX9A,Education,341.26
TXN001281,2023-10-09,WAYFAIR*51479385,Home & Furniture,332.98
TXN002303,2023-10-09,LINKEDIN*PREMIUM,Education,471.01
TXN002468,2023-10-09,MICROSOFT*MSBILL,Subscriptions,78.69
TXN000223,2023-10-10,COSTCO.COM,Shopping,394.47
TXN001703,2023-10-10,CHEVRON #878896,Gas & Transport,332.70
TXN001789,2023-10-10,CAPITAL ONE ONLINE PMT,Finance,460.89
TXN000340,2023-10-11,VENMO,Finance,437.30
TXN000381,2023-10-11,SHELL OIL 69842767310075,Gas & Transport,129.90
TXN000691,2023-10-11,BESTBUY.COM,Electronics,59.29
TXN001117,2023-10-11,TJMAXX.COM,Clothing,344.64
TXN001245,2023-10-11,HOME DEPOT.COM,Home Improvement,257.52
TXN001813,2023-10-11,ZARA #6992,Clothing,156.69
TXN002909,2023-10-12,LINKEDIN LEARNING,Education,219.88
TXN000171,2023-10-13,BOOKING.COM,Travel,361.87
TXN000926,2023-10-13,WALGREENS #78993,Health,495.31
TXN001675,2023-10-13,MICROSOFT 365,Subscriptions,188.14
TXN002519,2023-10-13,WHOLEFDS NYC 183,Groceries,113.17
TXN000186,2023-10-14,DOORDASH*SUBWAY,Food & Drink,303.42
TXN001472,2023-10-14,ITunes.com/bill,Entertainment,348.29
TXN001508,2023-10-14,EXXON 48091896006520,Gas & Transport,14.67
TXN000087,2023-10-15,TRADER JOE'S #971,Groceries,123.23
TXN000739,2023-10-15,APPLE.COM/BILL,Entertainment,140.96
TXN001155,2023-10-15,AMZ*T52QCMX7,Shopping,381.50
TXN000202,2023-10-16,CVS/PHARM,Health,426.21
TXN000389,2023-10-16,PAYPAL *EBAY,Shopping,248.16
TXN000940,2023-10-16,SHELL OIL 38163441226269,Gas & Transport,472.41
TXN001256,2023-10-16,T-MOBILE*AUTO PAY,Utilities,299.97
TXN002141,2023-10-16,COURSERA INC,Education,314.54
TXN000089,2023-10-17,PAYPAL *EBAY,Shopping,270.97
TXN002887,2023-10-17,AA*317828847417,Travel,262.55
TXN000226,2023-10-18,PUBLIX #9786,Groceries,329.42
TXN000272,2023-10-18,NIKE.COM,Clothing,21.76
TXN002322,2023-10-18,COMCAST CABLE COMM,Utilities,457.54
TXN000706,2023-10-19,LINKEDIN*PREMIUM,Education,492.82
TXN001557,2023-10-19,DISNEYPLUS.COM,Subscriptions,40.16
TXN001803,2023-10-19,NETFLIX.COM,Subscriptions,51.94
TXN002170,2023-10-19,TJMAXX.COM,Clothing,196.11
TXN002552,2023-10-19,STARBUCKS #82514,Food & Drink,355.83
TXN000162,2023-10-20,UDEMY,Education,298.33
TXN000527,2023-10-20,SUBWAY #45768,Food & Drink,157.35
TXN001340,2023-10-20,VENMO,Finance,436.08
TXN002350,2023-10-20,PANERA BREAD #5632,Food & Drink,86.61
TXN002680,2023-10-20,SOUTHWEST AIR,Travel,57.34
TXN000061,2023-10-21,DELTA AIR LINES,Travel,329.86
TXN000670,2023-10-21,CHASE AUTOPAY,Finance,118.51
TXN000723,2023-10-21,CAPITAL ONE ONLINE PMT,Finance,276.63
TXN001213,2023-10-21,ADOBE*657077556,Subscriptions,158.00
TXN001230,2023-10-21,GAP #50010,Clothing,178.01
TXN002843,2023-10-21,AIRBNB * UMDFNY,Travel,102.16
TXN000297,2023-10-22,DOORDASH*PIZZA HUT,Food & Drink,48.69
TXN000404,2023-10-22,VENMO,Finance,104.82
TXN000666,2023-10-22,AIRBNB PAYMENTS,Travel,373.30
TXN002653,2023-10-22,UDEMY.COM*EX03C2R9,Education,262.63
TXN002793,2023-10-22,OLDNAVY.COM,Clothing,70.02
TXN001225,2023-10-23,PANERA BREAD #8754,Food & Drink,381.82
TXN002661,2023-10-23,SHELL SERVICE STATION,Gas & Transport,75.49
TXN000189,2023-10-24,DELTA*319385340428,Travel,238.66
TXN000517,2023-10-24,ALDI #41251,Groceries,382.53
TXN001985,2023-10-24,UBER *TRIP,Gas & Transport,400.54
TXN002530,2023-10-24,PUBLIX #8334,Groceries,417.75
TXN001805,2023-10-25,OLDNAVY.COM,Clothing,471.23
TXN000377,2023-10-26,COSTCO WHSE #0270,Shopping,172.78
TXN001673,2023-10-26,STEAM PURCHASE,Entertainment,223.55
TXN001913,2023-10-26,ETSY INC,Shopping,203.44
TXN000613,2023-10-27,WELLS FARGO BANK,Finance,36.29
TXN001349,2023-10-27,ZARA USA LLC,Clothing,181.40
TXN001395,2023-10-27,UBER *TRIP,Gas & Transport,123.54
TXN000029,2023-10-28,PETSMART #1693,Pets,381.30
TXN000976,2023-10-28,SOUTHWESTAIR.COM,Travel,326.56
TXN001493,2023-10-28,UDEMY,Education,275.30
TXN002869,2023-10-28,BEST BUY #6315183,Electronics,444.61
TXN001555,2023-10-29,PAYPAL *TRANSFER,Finance,401.70
TXN001685,2023-10-29,AA*818113168829,Travel,470.22
TXN001907,2023-10-29,VALVE*STEAM,Entertainment,486.27
TXN000390,2023-10-30,VZWRLSS*APOCC VISE,Utilities,81.86
TXN001503,2023-10-30,AMEX EPAYMENT ACH PMT,Finance,436.96
TXN001778,2023-10-30,STARBUCKS #95282,Food & Drink,458.30
TXN000233,2023-10-31,SOUTHWESTAIR.COM,Travel,348.54
TXN000471,2023-10-31,HOME DEPOT.COM,Home Improvement,378.42
TXN000656,2023-10-31,EBAY O*5989779384196,Shopping,16.59
TXN001506,2023-10-31,NATIONALGRIDUS,Utilities,436.96
TXN001102,2023-11-01,BEST BUY #7588395,Electronics,208.61
TXN002444,2023-11-01,REGAL CINEMAS #7034,Entertainment,366.80
TXN002718,2023-11-02,ALDI #41844,Groceries,387.33
TXN000263,2023-11-03,VENMO,Finance,143.23
TXN001449,2023-11-03,AMAZON WEB SVCS,Shopping,70.57
TXN001660,2023-11-03,EXPEDIA*754844349,Travel,36.10
TXN002267,2023-11-03,CHIPOTLE ONLINE,Food & Drink,99.10
TXN002742,2023-11-03,PANERABREAD.COM,Food & Drink,74.17
TXN002767,2023-11-03,MCDONALD'S F88044,Food & Drink,176.22
TXN000323,2023-11-04,ZARA #3772,Clothing,479.97
TXN001263,2023-11-04,AIRBNB * TIYXGX,Travel,36.74
TXN000897,2023-11-05,UBER* TRIP HELP.UBER.COM,Gas & Transport,186.97
TXN002024,2023-11-05,Disney+ Subscription,Subscriptions,25.70
TXN002544,2023-11-05,PLAYSTATION*STORE,Entertainment,323.10
TXN002738,2023-11-05,KROGER FUEL CENTER,Groceries,244.77
TXN002698,2023-11-06,HULU,Subscriptions,334.21
TXN000396,2023-11-07,VZWRLSS*APOCC VISE,Utilities,255.05
TXN000966,2023-11-07,HULU,Subscriptions,303.95
TXN001219,2023-11-07,PETCO #10406,Pets,184.23
TXN002406,2023-11-07,SHELL #128256,Gas & Transport,411.85
TXN002981,2023-11-07,AMC #64806,Entertainment,395.69
TXN000672,2023-11-08,LOWES.COM,Home Improvement,341.26
TXN001480,2023-11-08,CONED WEB PAY,Utilities,174.79
TXN001581,2023-11-08,PETCO #58664,Pets,105.79
TXN002323,2023-11-08,MC DONALDS,Food & Drink,412.44
TXN002417,2023-11-08,LINKEDIN LEARNING,Education,197.61
TXN002473,2023-11-08,SBUX,Food & Drink,419.36
TXN002571,2023-11-08,ETSY.COM,Shopping,43.80
TXN000860,2023-11-09,PAYPAL *TRANSFER,Finance,417.54
TXN002268,2023-11-09,PLANET FITNESS #8541,Health & Fitness,50.60
TXN002526,2023-11-09,IKEA US #509,Home & Furniture,368.87
TXN002859,2023-11-09,HULU,Subscriptions,64.50
TXN000003,2023-11-10,ADOBE SYSTEMS INC,Subscriptions,234.19
TXN000453,2023-11-10,RITE AID STORE 9759,Health,468.50
TXN000751,2023-11-10,LYFT,Gas & Transport,60.72
TXN001332,2023-11-10,GAP #66409,Clothing,444.05
TXN002004,2023-11-10,COMCAST*930606526,Utilities,299.90
TXN002040,2023-11-10,AT&T *PAYMENT,Utilities,440.98
TXN002759,2023-11-10,EXPEDIA,Travel,312.94
TXN002877,2023-11-10,PETSMART #6993,Pets,146.95
TXN000544,2023-11-11,COMCAST*589052489,Utilities,111.51
TXN000800,2023-11-11,COMCAST CABLE COMM,Utilities,331.53
TXN001513,2023-11-11,WALGREENS #32099,Health,232.49
TXN000319,2023-11-12,PLANET FITNESS #9176,Health & Fitness,339.87
TXN001207,2023-11-13,NIKE STORE,Clothing,326.83
TXN001579,2023-11-13,GOOGLE *PLAY,Entertainment,352.47
TXN001623,2023-11-13,WAYFAIR,Home & Furniture,180.98
TXN002112,2023-11-13,RITE AID STORE 9283,Health,499.36
TXN002762,2023-11-13,PETSMART #6474,Pets,484.90
TXN000234,2023-11-14,CHIPOTLE MEXICAN GRILL,Food & Drink,134.52
TXN000659,2023-11-14,PUBLIX #1957,Groceries,290.12
TXN001621,2023-11-14,MARRIOTT HOTELS,Travel,59.10
TXN002584,2023-11-14,CONED WEB PAY,Utilities,227.84
TXN000479,2023-11-15,VENMO,Finance,369.08
TXN001149,2023-11-15,GRUBHUB.COM,Food & Drink,17.84
TXN001855,2023-11-15,CAPITAL ONE ONLINE PMT,Finance,448.48
TXN002617,2023-11-15,BKG*7083764992687,Travel,156.20
TXN000428,2023-11-16,COURSERA,Education,39.54
TXN000959,2023-11-16,DISNEYPLUS.COM,Subscriptions,316.01
TXN000665,2023-11-17,DUNKIN #372654,Food & Drink,398.27
TXN001345,2023-11-17,NETFLIX.COM,Subscriptions,165.66
TXN001751,2023-11-17,REGAL CINEMAS #1067,Entertainment,209.98
TXN001823,2023-11-17,TJMAXX.COM,Clothing,447.21
TXN002786,2023-11-17,ADOBE*681022054,Subscriptions,394.84
TXN001543,2023-11-18,UDEMY,Education,394.36
TXN002674,2023-11-18,LYFT *RIDE,Gas & Transport,125.34
TXN000673,2023-11-19,NETFLIX.COM,Subscriptions,336.45
TXN000977,2023-11-19,TJMAXX.COM,Clothing,57.86
TXN000981,2023-11-19,MCDONALDS #64036,Food & Drink,129.69
TXN002121,2023-11-19,MCDONALDS #41799,Food & Drink,176.03
TXN002652,2023-11-19,HILTON HOTELS,Travel,452.75
TXN000478,2023-11-20,OLD NAVY #57994,Clothing,193.60
TXN001067,2023-11-20,BP GAS #492070,Gas & Transport,359.49
TXN002057,2023-11-20,SOUTHWESTAIR.COM,Travel,386.67
TXN002489,2023-11-20,NIKE.COM,Clothing,114.48
TXN000586,2023-11-21,TRADER JOE'S #326,Groceries,246.85
TXN001413,2023-11-21,WHOLE FOODS MARKET,Groceries,201.47
TXN001765,2023-11-21,PAYPAL *TRANSFER,Finance,425.12
TXN002069,2023-11-21,AMERICAN AIRLINES,Travel,74.04
TXN002516,2023-11-21,UBEREATS,Food & Drink,463.11
TXN001083,2023-11-22,PETSMART #2436,Pets,151.89
TXN001847,2023-11-22,PETSMART #2097,Pets,136.98
TXN002598,2023-11-22,PAYPAL *PAYMENT,Finance,284.48
TXN000136,2023-11-23,BEST BUY #3754620,Electronics,231.77
TXN000287,2023-11-23,NIKE #2545,Clothing,15.53
TXN000708,2023-11-23,SHELL SERVICE STATION,Gas & Transport,444.58
TXN001350,2023-11-23,AMZ*419TJYTD,Shopping,494.32
TXN002033,2023-11-23,H&M STORE,Clothing,46.72
TXN002235,2023-11-23,ZARA #3740,Clothing,385.32
TXN002381,2023-11-24,PETCO #70482,Pets,181.81
TXN002452,2023-11-24,AT&T *PAYMENT,Utilities,147.24
TXN000074,2023-11-25,GAP.COM,Clothing,119.90
TXN002711,2023-11-25,CAPITAL ONE ONLINE PMT,Finance,431.42
TXN000754,2023-11-26,PLANET FITNESS #8594,Health & Fitness,383.94
TXN001120,2023-11-26,VERIZON WIRELESS,Utilities,134.66
TXN001423,2023-11-26,TARGET #5336,Shopping,460.00
TXN001918,2023-11-26,CHASE AUTOPAY,Finance,107.56
TXN002105,2023-11-26,COMCAST CABLE COMM,Utilities,472.80
TXN000448,2023-11-27,MC DONALDS,Food & Drink,12.92
TXN002058,2023-11-27,ETSY.COM,Shopping,297.45
TXN000570,2023-11-28,BP#102873285118,Gas & Transport,158.05
TXN000633,2023-11-28,ZARA #4880,Clothing,21.32
TXN001224,2023-11-28,AA*412413731008,Travel,439.05
TXN001576,2023-11-28,Google Play,Entertainment,300.95
TXN002038,2023-11-28,EBAY O*3486633317358,Shopping,287.56
TXN002335,2023-11-28,UBER* EATS,Food & Drink,499.18
TXN002755,2023-11-28,PAYPAL *PAYMENT,Finance,221.16
TXN002878,2023-11-28,WAYFAIR*14227731,Home & Furniture,275.95
TXN001105,2023-11-29,BP#832194052393,Gas & Transport,405.20
TXN002749,2023-11-29,IKEA.COM/US,Home & Furniture,215.11
TXN000565,2023-11-30,REGAL CINEMAS #5917,Entertainment,152.04
TXN000118,2023-12-01,AMEX EPAYMENT ACH PMT,Finance,109.96
TXN000282,2023-12-01,VZW*VERIZON,Utilities,217.35
TXN001047,2023-12-01,EXXON/MOBIL #5140617,Gas & Transport,276.02
TXN002321,2023-12-01,BP#213032980268,Gas & Transport,359.18
TXN002403,2023-12-01,OLD NAVY #37203,Clothing,327.62
TXN002590,2023-12-01,WALMART.COM,Shopping,415.27
TXN000621,2023-12-02,SAFEWAY #7831,Groceries,69.65
TXN000740,2023-12-02,AIRBNB * EZXSFR,Travel,161.72
TXN001750,2023-12-02,HULU*10161135,Subscriptions,208.10
TXN002173,2023-12-02,BOOKING.COM,Travel,302.59
TXN002787,2023-12-02,OLDNAVY.COM,Clothing,327.76
TXN000082,2023-12-03,DISNEYPLUS.COM,Subscriptions,461.87
TXN000939,2023-12-03,OLDNAVY.COM,Clothing,307.68
TXN001654,2023-12-03,CHASE AUTOPAY,Finance,312.11
TXN002331,2023-12-03,WHOLEFDS SEA 856,Groceries,250.58
TXN002910,2023-12-03,WELLS FARGO BANK,Finance,429.59
TXN000084,2023-12-04,EBAY O*6036739745624,Shopping,394.77
TXN001278,2023-12-04,AIRBNB PAYMENTS,Travel,475.66
TXN002801,2023-12-04,MACYS.COM,Clothing,191.52
TXN002968,2023-12-04,NIKE.COM,Clothing,439.19
TXN000865,2023-12-05,PETCO #10420,Pets,126.30
TXN002030,2023-12-05,VALVE*STEAM,Entertainment,447.58
TXN002259,2023-12-05,PAYPAL *TRANSFER,Finance,86.63
TXN002594,2023-12-05,COSTCO WHSE #0176,Shopping,358.04
TXN000879,2023-12-06,ALDI #61663,Groceries,342.57
TXN000971,2023-12-06,PAYPAL *PAYMENT,Finance,33.01
TXN001539,2023-12-06,BOOKING.COM,Travel,312.06
TXN001049,2023-12-07,EXXONMOBIL GAS,Gas & Transport,53.38
TXN002167,2023-12-07,PLANET FITNESS #7566,Health & Fitness,473.12
TXN001377,2023-12-08,UBER *TRIP HELP.UBER.C,Gas & Transport,456.52
TXN002592,2023-12-08,SBUX,Food & Drink,38.37
TXN000753,2023-12-09,MICROSOFT 365,Subscriptions,475.51
TXN001905,2023-12-09,Apple Store,Electronics,352.50
TXN000092,2023-12-10,MARRIOTT HOTELS,Travel,60.61
TXN000653,2023-12-10,UBEREATS,Food & Drink,442.25
TXN002788,2023-12-10,PLAYSTATION NETWORK,Entertainment,199.19
TXN002839,2023-12-10,DOORDASH DASHPASS,Food & Drink,401.59
TXN000675,2023-12-11,ZARA #8293,Clothing,230.37
TXN000829,2023-12-11,AIRBNB PAYMENTS,Travel,253.46
TXN000888,2023-12-11,PUBLIX #2935,Groceries,473.70
TXN002194,2023-12-11,MARRIOTT HOTELS,Travel,117.71
TXN000429,2023-12-12,HOME DEPOT.COM,Home Improvement,109.15
TXN001753,2023-12-12,PLANET FITNESS #3282,Health & Fitness,375.11
TXN001975,2023-12-12,EXPEDIA,Travel,293.64
TXN000067,2023-12-13,PLANET FITNESS #7263,Health & Fitness,39.29
TXN001196,2023-12-13,RITE AID STORE 4196,Health,187.85
TXN001392,2023-12-13,ALDI #43057,Groceries,496.81
TXN002209,2023-12-13,ITunes.com/bill,Entertainment,495.87
TXN002992,2023-12-13,PETCO #55225,Pets,269.29
TXN000639,2023-12-14,PAYPAL *PAYMENT,Finance,356.71
TXN000999,2023-12-14,EBAY O*7549690450640,Shopping,79.28
TXN001994,2023-12-14,PETCO #67553,Pets,282.29
TXN002300,2023-12-14,AMEX EPAYMENT ACH PMT,Finance,317.37
TXN001193,2023-12-15,IKEA US #514,Home & Furniture,264.85
TXN001374,2023-12-15,CHASE AUTOPAY,Finance,469.20
TXN002187,2023-12-15,APPLE.COM/BILL,Entertainment,226.03
TXN002295,2023-12-15,GRUBHUB*THAI PALACE,Food & Drink,35.70
TXN002551,2023-12-15,APPLE.COM/BILL,Entertainment,398.26
TXN000096,2023-12-16,Spotify USA,Subscriptions,429.16
TXN000138,2023-12-16,CVS/PHARMACY #72657,Health,404.54
TXN000197,2023-12-16,DELTA*526824590258,Travel,54.44
TXN000450,2023-12-16,AIRBNB * KXZPCQ,Travel,114.68
TXN001671,2023-12-16,COURSERA INC,Education,112.46
TXN001728,2023-12-16,WHOLE FOODS MARKET,Groceries,192.76
TXN001924,2023-12-16,T-MOBILE*AUTO PAY,Utilities,283.20
TXN002928,2023-12-16,REGAL CINEMAS #9174,Entertainment,304.90
TXN000270,2023-12-17,H&M STORE,Clothing,24.96
TXN002208,2023-12-17,AMERICAN AIRLINES,Travel,180.53
TXN002277,2023-12-17,PAYPAL *TRANSFER,Finance,438.31
TXN002465,2023-12-17,COURSERA,Education,256.15
TXN002976,2023-12-17,NETFLIX.COM,Subscriptions,238.22
TXN002989,2023-12-17,DISNEY PLUS,Subscriptions,367.49
TXN002558,2023-12-18,WALGREENS #95852,Health,369.45
TXN000543,2023-12-19,DISNEYPLUS.COM,Subscriptions,355.78
TXN001033,2023-12-19,EQUINOX #1981,Health & Fitness,477.62
TXN002524,2023-12-19,WALGREENS #99416,Health,281.79
TXN002611,2023-12-19,GAP.COM,Clothing,274.94
TXN002172,2023-12-20,PUBLIX #7450,Groceries,160.65
TXN000205,2023-12-22,UDEMY,Education,353.54
TXN002256,2023-12-22,SAFEWAY #7031,Groceries,462.08
TXN002923,2023-12-22,PUBLIX #9846,Groceries,209.56
TXN000220,2023-12-23,SAFEWAY #7714,Groceries,488.10
TXN000359,2023-12-23,HILTON HOTELS,Travel,296.08
TXN000455,2023-12-23,CHIPOTLE #2114,Food & Drink,494.35
TXN001295,2023-12-23,VERIZON WIRELESS,Utilities,310.07
TXN002683,2023-12-23,PLANET FITNESS #6220,Health & Fitness,31.56
TXN002965,2023-12-23,THE HOME DEPOT #1793,Home Improvement,318.64
TXN000447,2023-12-24,GRUBHUB*THAI PALACE,Food & Drink,330.91
TXN000866,2023-12-24,TRADER JOE'S #702,Groceries,20.98
TXN001081,2023-12-24,WELLS FARGO BANK,Finance,236.56
TXN001843,2023-12-24,DISNEY PLUS,Subscriptions,279.53
TXN002094,2023-12-24,Disney+ Subscription,Subscriptions,494.69
TXN002199,2023-12-24,COSTCO WHSE #0220,Shopping,165.71
TXN002345,2023-12-24,H & M #66353,Clothing,159.19
TXN002721,2023-12-25,UDEMY.COM*DCLYY4IQ,Education,260.82
TXN000620,2023-12-26,ITunes.com/bill,Entertainment,399.14
TXN002312,2023-12-26,DOORDASH*DOMINOS,Food & Drink,194.19
TXN002817,2023-12-26,PUBLIX #9009,Groceries,360.52
TXN000328,2023-12-27,UDEMY.COM*5AUHIZ35,Education,421.49
TXN000374,2023-12-27,CAPITAL ONE ONLINE PMT,Finance,63.12
TXN001208,2023-12-27,ETSY.COM,Shopping,192.29
TXN001650,2023-12-27,SUBWAY #20056,Food & Drink,128.91
TXN002675,2023-12-27,ATT*BILL PAYMENT,Utilities,466.10
TXN002855,2023-12-27,T-MOBILE*AUTO PAY,Utilities,92.88
TXN000232,2023-12-28,EXXON 13591009085232,Gas & Transport,376.01
TXN002638,2023-12-28,XBOX GAME PASS,Subscriptions,197.84
TXN000334,2023-12-29,MARRIOTT,Travel,154.12
TXN002144,2023-12-29,ETSY.COM,Shopping,220.34
TXN002854,2023-12-29,DOORDASH*SUBWAY,Food & Drink,62.43
TXN000098,2023-12-30,TJ MAXX #8352917,Clothing,189.91
TXN000635,2023-12-30,SOUTHWESTAIR.COM,Travel,444.96
TXN002174,2023-12-30,Google Play,Entertainment,159.79
TXN002375,2023-12-30,GRUBHUB.COM,Food & Drink,336.57
TXN000308,2023-12-31,NIKE #4127,Clothing,450.35
TXN000813,2023-12-31,SOUTHWEST AIR,Travel,404.17
TXN001012,2023-12-31,STARBUCKS STORE 77646,Food & Drink,350.88
TXN001051,2023-12-31,LOWES.COM,Home Improvement,73.06
TXN001838,2023-12-31,DD/BR #973987,Food & Drink,479.38
TXN002115,2023-12-31,LOWES.COM,Home Improvement,244.02
TXN002291,2023-12-31,BP GAS #175666,Gas & Transport,3.04
TXN000538,2024-01-01,BOOKING.COM,Travel,274.50
TXN001101,2024-01-01,TJ MAXX #4871933,Clothing,242.53
TXN001317,2024-01-01,CAPITAL ONE ONLINE PMT,Finance,277.49
TXN001663,2024-01-01,AIRBNB * XZPFKO,Travel,161.00
TXN002713,2024-01-01,UDEMY.COM*NOBU0F1P,Education,51.08
TXN002061,2024-01-02,LYFT *1 LYFT.COM,Gas & Transport,439.50
TXN002448,2024-01-02,DOORDASH DASHPASS,Food & Drink,110.59
TXN002741,2024-01-02,APPLE STORE #0768,Electronics,45.99
TXN000299,2024-01-03,DISNEY PLUS,Subscriptions,419.60
TXN000500,2024-01-04,ADOBE*292977817,Subscriptions,196.86
TXN000325,2024-01-05,ADOBE SYSTEMS INC,Subscriptions,426.60
TXN000861,2024-01-05,EBAY O*3750195701354,Shopping,299.82
TXN001389,2024-01-05,PSN*PLAYSTATION,Entertainment,211.10
TXN002198,2024-01-05,ZARA #7297,Clothing,177.85
TXN001441,2024-01-06,WAYFAIR LLC,Home & Furniture,246.60
TXN000660,2024-01-07,DD/BR #985448,Food & Drink,346.74
TXN001762,2024-01-08,AMEX EPAYMENT ACH PMT,Finance,154.76
TXN002443,2024-01-08,CHIPOTLE MEXICAN GRILL,Food & Drink,163.36
TXN002478,2024-01-08,KROGER #434,Groceries,439.28
TXN000505,2024-01-09,DOORDASH DASHPASS,Food & Drink,246.86
TXN000375,2024-01-10,COURSERA INC,Education,331.45
TXN001639,2024-01-10,Spotify USA,Subscriptions,66.84
TXN001786,2024-01-10,STEAMGAMES.COM,Entertainment,102.20
TXN002122,2024-01-10,LYFT,Gas & Transport,383.88
TXN002190,2024-01-10,CAPITAL ONE ONLINE PMT,Finance,21.88
TXN002344,2024-01-10,WALGREENS STORE,Health,474.21
TXN001206,2024-01-11,NIKE STORE,Clothing,443.80
TXN001668,2024-01-11,SBUX,Food & Drink,327.32
TXN001795,2024-01-11,BEST BUY CO INC,Electronics,32.32
TXN002029,2024-01-11,BOOKING.COM,Travel,456.89
TXN000290,2024-01-12,GAP.COM,Clothing,386.18
TXN000564,2024-01-12,CHIPOTLE #3155,Food & Drink,67.23
TXN001974,2024-01-12,CHIPOTLE ONLINE,Food & Drink,290.60
TXN002070,2024-01-12,SHELL #788197,Gas & Transport,215.88
TXN000765,2024-01-13,MC DONALDS,Food & Drink,250.97
TXN001384,2024-01-13,AIRBNB PAYMENTS,Travel,79.12
TXN001007,2024-01-14,AMZN Mktp US*HPYJLRHZ,Shopping,317.64
TXN001337,2024-01-14,SAFEWAY #2398,Groceries,124.09
TXN002114,2024-01-14,MARRIOTT HOTELS,Travel,22.36
TXN002670,2024-01-14,CHIPOTLE #7823,Food & Drink,490.81
TXN002758,2024-01-14,APPLE.COM/BILL,Electronics,372.25
TXN001074,2024-01-15,PANERA BREAD #5692,Food & Drink,14.15
TXN001239,2024-01-15,AT&T *PAYMENT,Utilities,323.33
TXN002180,2024-01-15,THE HOME DEPOT #1869,Home Improvement,392.76
TXN002285,2024-01-15,AMC #58804,Entertainment,29.40
TXN000293,2024-01-16,COMCAST CABLE COMM,Utilities,370.18
TXN001559,2024-01-16,ALDI #40925,Groceries,258.81
TXN001601,2024-01-16,TMOBILE*POSTPAID,Utilities,470.82
TXN002379,2024-01-16,ADOBE  *ADOBE,Subscriptions,293.71
TXN002641,2024-01-16,NIKE.COM,Clothing,232.81
TXN000025,2024-01-17,Apple Store,Electronics,155.92
TXN000144,2024-01-17,SAFEWAY #4817,Groceries,125.52
TXN001879,2024-01-17,CHEVRON 12159149514092,Gas & Transport,460.24
TXN002151,2024-01-17,VALVE*STEAM,Entertainment,159.04
TXN002231,2024-01-17,NIKE STORE,Clothing,167.08
TXN002973,2024-01-17,SHELL OIL 98821462771961,Gas & Transport,168.41
TXN000515,2024-01-18,H & M #11426,Clothing,456.30
TXN000937,2024-01-18,WAYFAIR,Home & Furniture,160.07
TXN001061,2024-01-18,CAPITAL ONE ONLINE PMT,Finance,234.12
TXN002841,2024-01-18,COSTCO WHSE #0547,Shopping,241.88
TXN000105,2024-01-19,MCDONALDS #61193,Food & Drink,256.24
TXN001832,2024-01-19,DOORDASH DASHPASS,Food & Drink,136.72
TXN001869,2024-01-19,GOOGLE *PLAY,Entertainment,92.25
TXN002337,2024-01-19,WALGREENS STORE,Health,187.88
TXN000371,2024-01-20,REGAL CINEMAS #5316,Entertainment,397.45
TXN001022,2024-01-20,CHEVRON 64716830789247,Gas & Transport,189.55
TXN002756,2024-01-20,CHASE CREDIT CRD EPAY,Finance,89.80
TXN002894,2024-01-20,REGAL CINEMAS #5985,Entertainment,72.59
TXN000097,2024-01-21,GOOGLE *PLAY,Entertainment,243.65
TXN000636,2024-01-21,STARBUCKS #70107,Food & Drink,311.47
TXN001113,2024-01-21,BKG*9881991502933,Travel,446.71
TXN001114,2024-01-21,NIKE.COM,Clothing,97.00
TXN001717,2024-01-21,LYFT *RIDE,Gas & Transport,360.91
TXN001776,2024-01-21,COSTCO.COM,Shopping,470.11
TXN002214,2024-01-21,Google Play,Entertainment,278.64
TXN002514,2024-01-21,APPLE.COM/BILL,Electronics,152.83
TXN000877,2024-01-22,PAYPAL *INST XFER,Finance,271.29
TXN001564,2024-01-22,STEAMGAMES.COM,Entertainment,267.64
TXN002271,2024-01-22,BP GAS #527940,Gas & Transport,268.77
TXN002667,2024-01-22,SOUTHWESTAIR.COM,Travel,176.98
TXN000472,2024-01-23,HILTON HHONORS,Travel,356.22
TXN000490,2024-01-23,AMC #88933,Entertainment,204.04
TXN000875,2024-01-23,PAYPAL *INST XFER,Finance,461.48
TXN001617,2024-01-23,PUBLIX #4563,Groceries,416.89
TXN001766,2024-01-23,CONED WEB PAY,Utilities,247.15
TXN001929,2024-01-23,IKEA.COM/US,Home & Furniture,342.07
TXN002034,2024-01-23,CHASE AUTOPAY,Finance,249.49
TXN000219,2024-01-24,LINKEDIN*PREMIUM,Education,468.12
TXN000407,2024-01-24,WAYFAIR,Home & Furniture,128.77
TXN001121,2024-01-24,IKEA.COM/US,Home & Furniture,268.51
TXN001643,2024-01-24,ZARA USA LLC,Clothing,415.41
TXN001822,2024-01-24,EXPEDIA,Travel,44.05
TXN002906,2024-01-24,EXPEDIA*457904426,Travel,104.31
TXN000071,2024-01-25,KROGER #640,Groceries,481.07
TXN002541,2024-01-25,EXPEDIA*460281989,Travel,110.13
TXN002041,2024-01-26,AMC THEATRES #9638,Entertainment,350.71
TXN002754,2024-01-26,PAYPAL *PAYMENT,Finance,223.87
TXN000363,2024-01-27,AA*575573516231,Travel,202.99
TXN000446,2024-01-28,PUBLIX #5358,Groceries,146.28
TXN000496,2024-01-28,CAPITAL ONE ONLINE PMT,Finance,305.21
TXN000810,2024-01-28,CHASE AUTOPAY,Finance,112.79
TXN002036,2024-01-28,RITE AID STORE 7397,Health,348.83
TXN002570,2024-01-28,GOOGLE*SVCSAPPS,Entertainment,38.09
TXN002716,2024-01-28,CVS PHARMACY,Health,96.11
TXN000398,2024-01-29,GOOGLE *PLAY,Entertainment,484.16
TXN000683,2024-01-29,CHIPOTLE #2931,Food & Drink,317.39
TXN001011,2024-01-29,BKG*8367271495842,Travel,381.13
TXN001042,2024-01-29,AMC #77260,Entertainment,458.19
TXN001231,2024-01-29,PANERABREAD.COM,Food & Drink,7.08
TXN001550,2024-01-29,COURSERA,Education,173.63
TXN002736,2024-01-29,PAYPAL *EBAY,Shopping,61.13
TXN000796,2024-01-30,MACYS.COM,Clothing,368.54
TXN002220,2024-01-30,GOOGLE*SVCSAPPS,Entertainment,335.37
TXN002441,2024-01-30,STEAMGAMES.COM,Entertainment,325.09
TXN002774,2024-01-30,EXPEDIA*134447518,Travel,102.44
TXN000214,2024-01-31,DOORDASH DASHPASS,Food & Drink,23.74
TXN000988,2024-01-31,ADOBE*964530500,Subscriptions,172.68
TXN002250,2024-01-31,ADOBE*347096155,Subscriptions,91.97
TXN000255,2024-02-01,UBER EATS HELP.UBER.COM,Food & Drink,338.08
TXN000970,2024-02-01,CONED WEB PAY,Utilities,454.45
TXN001271,2024-02-01,GRUBHUB.COM,Food & Drink,462.38
TXN001400,2024-02-01,PETCO #13900,Pets,241.04
TXN001693,2024-02-01,CVS/PHARMACY #39048,Health,345.78
TXN001951,2024-02-01,NIKE #6137,Clothing,278.15
TXN001978,2024-02-01,ALDI #87642,Groceries,487.83
TXN002359,2024-02-01,SUBWAY #80142,Food & Drink,34.73
TXN000452,2024-02-02,WAYFAIR,Home & Furniture,6.83
TXN001902,2024-02-03,PETSMART #5060,Pets,27.22
TXN002201,2024-02-03,PLANET FITNESS #6901,Health & Fitness,111.76
TXN000302,2024-02-04,NATIONALGRIDUS,Utilities,149.67
TXN000965,2024-02-04,SOUTHWESTAIR.COM,Travel,175.95
TXN001211,2024-02-04,Spotify USA,Subscriptions,170.33
TXN002587,2024-02-04,ITunes.com/bill,Entertainment,262.96
TXN002890,2024-02-04,UBER *TRIP,Gas & Transport,333.23
TXN000557,2024-02-05,CHEWY.COM,Pets,349.37
TXN000734,2024-02-05,HILTON HOTELS,Travel,54.88
TXN001716,2024-02-05,HULU,Subscriptions,42.63
TXN002269,2024-02-05,PLANET FITNESS #9238,Health & Fitness,77.38
TXN002881,2024-02-05,UBER* TRIP HELP.UBER.COM,Gas & Transport,102.19
TXN001341,2024-02-06,PANERA BREAD #1510,Food & Drink,400.43
TXN001748,2024-02-06,CONED WEB PAY,Utilities,249.35
TXN002189,2024-02-06,Apple Store,Electronics,134.97
TXN002340,2024-02-06,VERIZON WIRELESS,Utilities,277.64
TXN000337,2024-02-07,BOOKING.COM,Travel,78.50
TXN000998,2024-02-07,KROGER #252,Groceries,401.75
TXN001401,2024-02-07,WALMART.COM,Shopping,432.14
TXN001432,2024-02-07,PAYPAL *TRANSFER,Finance,187.43
TXN000642,2024-02-08,PAYPAL *INST XFER,Finance,133.95
TXN001130,2024-02-08,UBER *TRIP,Gas & Transport,239.75
TXN001831,2024-02-08,UBER* EATS,Food & Drink,424.24
TXN001962,2024-02-08,SHELL #352231,Gas & Transport,417.27
TXN002772,2024-02-08,MACYS.COM,Clothing,334.09
TXN000347,2024-02-09,GAP #35754,Clothing,427.48
TXN001429,2024-02-09,UBER *TRIP,Gas & Transport,365.68
TXN002127,2024-02-09,REGAL CINEMAS #9848,Entertainment,368.21
TXN002770,2024-02-09,CONED WEB PAY,Utilities,485.28
TXN002886,2024-02-09,DUNKIN #315807,Food & Drink,310.36
TXN002974,2024-02-09,MARRIOTT,Travel,463.84
TXN000368,2024-02-10,WELLS FARGO BANK,Finance,169.25
TXN000534,2024-02-10,NETFLIX.COM,Subscriptions,263.47
TXN001142,2024-02-10,ZARA #2286,Clothing,54.82
TXN001232,2024-02-10,MACYS.COM,Clothing,209.47
TXN002454,2024-02-10,BEST BUY CO INC,Electronics,91.82
TXN001925,2024-02-11,EBAY O*4486933665708,Shopping,199.84
TXN002051,2024-02-11,ZARA USA LLC,Clothing,423.98
TXN000568,2024-02-12,PANERA BREAD #2615,Food & Drink,409.75
TXN000938,2024-02-12,RITE AID STORE 7238,Health,341.54
TXN001959,2024-02-12,Apple Store,Electronics,271.01
TXN002941,2024-02-12,ETSY.COM,Shopping,131.82
TXN000756,2024-02-13,WELLS FARGO BANK,Finance,363.34
TXN001048,2024-02-13,PUBLIX #4237,Groceries,214.45
TXN001560,2024-02-13,TRADER JOE'S #914,Groceries,9.64
TXN002328,2024-02-13,AMEX EPAYMENT ACH PMT,Finance,160.80
TXN002773,2024-02-13,REGAL CINEMAS #4551,Entertainment,281.12
TXN000163,2024-02-14,PSN*PLAYSTATION,Entertainment,191.12
TXN000930,2024-02-14,GAP #65869,Clothing,49.47
TXN002192,2024-02-14,MACY'S #3160,Clothing,188.95
TXN002357,2024-02-14,AMC #71284,Entertainment,173.90
TXN002559,2024-02-14,WALGREENS STORE,Health,459.63
TXN000248,2024-02-15,CHEWY*70021918,Pets,72.35
TXN001138,2024-02-15,PAYPAL *PAYMENT,Finance,225.83
TXN002068,2024-02-15,PETCO #72233,Pets,177.55
TXN002157,2024-02-15,NIKE.COM,Clothing,328.88
TXN000222,2024-02-16,VENMO,Finance,442.61
TXN002737,2024-02-16,CONED WEB PAY,Utilities,274.30
TXN002972,2024-02-16,STEAMGAMES.COM,Entertainment,25.47
TXN000887,2024-02-17,ALDI #89057,Groceries,304.74
TXN001697,2024-02-17,T-MOBILE*AUTO PAY,Utilities,8.38
TXN000236,2024-02-18,PETCO #23894,Pets,222.05
TXN000249,2024-02-18,CHASE CREDIT CRD EPAY,Finance,461.07
TXN001780,2024-02-18,PSN*PLAYSTATION,Entertainment,440.61
TXN001982,2024-02-18,DOORDASH DASHPASS,Food & Drink,196.70
TXN002561,2024-02-18,SHELL SERVICE STATION,Gas & Transport,305.40
TXN002156,2024-02-19,PANERABREAD.COM,Food & Drink,225.38
TXN002610,2024-02-19,AT&T MOBILITY,Utilities,202.41
TXN001162,2024-02-20,CAPITAL ONE ONLINE PMT,Finance,168.58
TXN001259,2024-02-20,PANERA BREAD #4912,Food & Drink,392.35
TXN001465,2024-02-20,NATIONALGRIDUS,Utilities,287.44
TXN001486,2024-02-20,CAPITAL ONE ONLINE PMT,Finance,328.40
TXN001523,2024-02-20,EXXONMOBIL GAS,Gas & Transport,335.78
TXN002075,2024-02-20,LINKEDIN LEARNING,Education,150.09
TXN002930,2024-02-20,WHOLEFDS SF 296,Groceries,265.25
TXN000884,2024-02-21,VENMO,Finance,365.02
TXN000961,2024-02-21,ADOBE SYSTEMS INC,Subscriptions,83.35
TXN001370,2024-02-21,ITUNES.COM/BILL,Electronics,407.80
TXN001785,2024-02-21,MACY'S #9720,Clothing,415.90
TXN002405,2024-02-21,OLDNAVY.COM,Clothing,384.38
TXN000851,2024-02-22,WALGREENS STORE,Health,261.39
TXN002707,2024-02-22,AMC #12887,Entertainment,357.55
TXN002771,2024-02-22,STEAMGAMES.COM,Entertainment,290.90
TXN000086,2024-02-23,GRUBHUB.COM,Food & Drink,14.24
TXN000379,2024-02-23,CONED WEB PAY,Utilities,43.35
TXN000786,2024-02-23,LOWE'S #4235,Home Improvement,25.83
TXN001633,2024-02-23,SPOTIFY P23462,Subscriptions,230.44
TXN001720,2024-02-23,OLD NAVY #49134,Clothing,465.11
TXN001784,2024-02-23,HULU,Subscriptions,372.76
TXN002206,2024-02-23,BOOKING.COM,Travel,395.78
TXN002415,2024-02-23,UDEMY.COM*MKTK09H9,Education,405.75
TXN000370,2024-02-24,AT&T *PAYMENT,Utilities,427.99
TXN000388,2024-02-24,UBER EATS HELP.UBER.COM,Food & Drink,62.04
TXN000630,2024-02-24,BOOKING.COM,Travel,390.75
TXN000654,2024-02-24,DISNEY PLUS,Subscriptions,392.76
TXN002604,2024-02-24,AMEX EPAYMENT ACH PMT,Finance,65.69
TXN002654,2024-02-24,STEAM PURCHASE,Entertainment,112.72
TXN000948,2024-02-25,CHEWY.COM,Pets,125.40
TXN001609,2024-02-25,PUBLIX #5402,Groceries,310.11
TXN002395,2024-02-25,MACYS.COM,Clothing,433.12
TXN002836,2024-02-26,TARGET.COM,Shopping,302.85
TXN000174,2024-02-27,PETSMART #2335,Pets,85.43
TXN001360,2024-02-27,GAP #51420,Clothing,441.39
TXN000439,2024-02-28,PLAYSTATION*STORE,Entertainment,68.21
TXN002429,2024-02-28,UBER* TRIP HELP.UBER.COM,Gas & Transport,186.14
TXN000560,2024-02-29,PAYPAL *EBAY,Shopping,200.19
TXN002746,2024-02-29,BP GAS #958170,Gas & Transport,422.36
TXN000588,2024-03-01,NIKE.COM,Clothing,146.68
TXN000958,2024-03-01,CAPITAL ONE ONLINE PMT,Finance,468.07
TXN001540,2024-03-01,PETCO #80473,Pets,297.16
TXN001642,2024-03-01,SAFEWAY #2072,Groceries,342.98
TXN002246,2024-03-01,AMZN Mktp US*JA255POQ,Shopping,109.51
TXN001021,2024-03-02,EQUINOX #6334,Health & Fitness,442.07
TXN002688,2024-03-02,TJMAXX.COM,Clothing,83.45
TXN000004,2024-03-03,TRADER JOE'S #575,Groceries,193.89
TXN000440,2024-03-03,GRUBHUB*SUSHI PLACE,Food & Drink,240.02
TXN000442,2024-03-03,AMEX EPAYMENT ACH PMT,Finance,344.55
TXN001058,2024-03-03,SOUTHWEST AIR,Travel,145.68
TXN001376,2024-03-03,NIKE #2056,Clothing,93.32
TXN001627,2024-03-03,WHOLEFDS NYC 855,Groceries,244.53
TXN000107,2024-03-04,NIKE #7958,Clothing,143.77
TXN000178,2024-03-04,COSTCO WHSE #0681,Shopping,174.16
TXN001023,2024-03-04,LYFT,Gas & Transport,233.28
TXN001667,2024-03-04,MCDONALD'S F11016,Food & Drink,439.67
TXN002695,2024-03-04,NATIONALGRIDUS,Utilities,155.57
TXN002938,2024-03-04,HOME DEPOT.COM,Home Improvement,248.98
TXN001565,2024-03-05,AIRBNB PAYMENTS,Travel,215.39
TXN002264,2024-03-05,MARRIOTT HOTELS,Travel,100.41
TXN000218,2024-03-06,COMCAST CABLE COMM,Utilities,363.33
TXN000909,2024-03-06,Disney+ Subscription,Subscriptions,462.41
TXN002293,2024-03-06,CHEWY.COM,Pets,79.70
TXN002505,2024-03-06,TRADER JOE'S #251,Groceries,453.52
TXN002650,2024-03-06,DOORDASH*DOMINOS,Food & Drink,94.16
TXN002865,2024-03-06,ITunes.com/bill,Entertainment,108.48
TXN000066,2024-03-07,AMC #85991,Entertainment,125.20
TXN000873,2024-03-07,IKEA US #856,Home & Furniture,341.78
TXN001521,2024-03-07,MACY'S #6137,Clothing,6.31
TXN002914,2024-03-07,EQUINOX #2624,Health & Fitness,479.63
TXN000037,2024-03-08,CVS/PHARMACY #31080,Health,445.85
TXN000405,2024-03-08,PETSMART #6281,Pets,234.44
TXN001954,2024-03-09,NETFLIX.COM,Subscriptions,429.78
TXN002796,2024-03-09,Google Play,Entertainment,440.46
TXN001448,2024-03-10,BEST BUY CO INC,Electronics,469.77
TXN000728,2024-03-11,SOUTHWEST AIR,Travel,360.43
TXN001028,2024-03-11,BEST BUY #4954459,Electronics,146.39
TXN002324,2024-03-11,DOORDASH DASHPASS,Food & Drink,455.37
TXN002900,2024-03-11,DELTA AIR LINES,Travel,364.52
TXN000365,2024-03-12,AT&T MOBILITY,Utilities,459.99
TXN000905,2024-03-12,MSBILL.INFO,Subscriptions,345.25
TXN001199,2024-03-12,CHASE AUTOPAY,Finance,90.03
TXN001541,2024-03-12,VZWRLSS*APOCC VISE,Utilities,111.22
TXN001705,2024-03-12,EXPEDIA,Travel,77.12
TXN001864,2024-03-12,UBEREATS,Food & Drink,157.53
TXN002019,2024-03-12,MARRIOTT HOTELS,Travel,330.08
TXN002253,2024-03-12,NATIONALGRIDUS,Utilities,446.63
TXN000720,2024-03-13,COSTCO GAS #0330,Shopping,495.04
TXN001200,2024-03-13,WAYFAIR,Home & Furniture,250.92
TXN001435,2024-03-13,HULU*33668274,Subscriptions,179.62
TXN002933,2024-03-13,LINKEDIN LEARNING,Education,437.38
TXN000354,2024-03-14,PANERA BREAD #1724,Food & Drink,415.78
TXN001280,2024-03-14,PLANET FITNESS #9247,Health & Fitness,35.43
TXN001316,2024-03-14,PUBLIX #3029,Groceries,350.03
TXN001630,2024-03-14,GRUBHUB*PIZZA CO,Food & Drink,304.78
TXN002461,2024-03-14,VZWRLSS*APOCC VISE,Utilities,486.61
TXN002940,2024-03-14,WELLS FARGO BANK,Finance,426.92
TXN000065,2024-03-15,GOOGLE *PLAY,Entertainment,72.52
TXN000468,2024-03-15,EXXON/MOBIL #9930530,Gas & Transport,171.98
TXN001312,2024-03-15,TJMAXX.COM,Clothing,123.87
TXN002101,2024-03-15,DISNEYPLUS.COM,Subscriptions,499.97
TXN000122,2024-03-16,BOOKING.COM,Travel,314.80
TXN001110,2024-03-16,Spotify USA,Subscriptions,469.08
TXN000906,2024-03-17,BOOKING.COM,Travel,407.97
TXN000836,2024-03-18,GRUBHUB.COM,Food & Drink,35.13
TXN001220,2024-03-18,VERIZON WIRELESS,Utilities,277.11
TXN001335,2024-03-18,AIRBNB * JLCHJW,Travel,244.91
TXN001772,2024-03-18,ZARA USA LLC,Clothing,43.92
TXN002362,2024-03-18,HULU*13552836,Subscriptions,471.47
TXN002717,2024-03-18,RITE AID STORE 8185,Health,361.32
TXN000355,2024-03-19,RITE AID STORE 6281,Health,331.03
TXN000498,2024-03-19,PAYPAL *EBAY,Shopping,103.69
TXN001123,2024-03-19,BP#666676942860,Gas & Transport,75.56
TXN001228,2024-03-19,NATIONALGRIDUS,Utilities,420.19
TXN001331,2024-03-19,COMCAST*330032184,Utilities,389.15
TXN001545,2024-03-19,NATIONALGRIDUS,Utilities,476.88
TXN002769,2024-03-19,TRADER JOE'S #938,Groceries,366.65
TXN000828,2024-03-20,HOME DEPOT.COM,Home Improvement,29.78
TXN000964,2024-03-20,WALGREENS STORE,Health,214.46
TXN001498,2024-03-20,SOUTHWESTAIR.COM,Travel,194.19
TXN002168,2024-03-20,VZWRLSS*APOCC VISE,Utilities,69.09
TXN002939,2024-03-20,EQUINOX #6746,Health & Fitness,450.97
TXN002984,2024-03-20,BOOKING.COM,Travel,339.78
TXN000859,2024-03-21,DD/BR #425208,Food & Drink,10.29
TXN002053,2024-03-21,MCDONALDS #97479,Food & Drink,310.72
TXN002064,2024-03-21,CVS PHARMACY,Health,90.18
TXN002845,2024-03-21,EXXON 89920915203781,Gas & Transport,429.04
TXN000231,2024-03-22,NATIONALGRIDUS,Utilities,496.41
TXN001060,2024-03-22,VERIZON WIRELESS,Utilities,408.56
TXN001848,2024-03-22,PETCO #36424,Pets,129.20
TXN002384,2024-03-22,KROGER #265,Groceries,390.67
TXN002621,2024-03-22,GOOGLE *PLAY,Entertainment,421.77
TXN002668,2024-03-22,GRUBHUB*BURGER JOINT,Food & Drink,428.00
TXN000095,2024-03-23,PLAYSTATION*STORE,Entertainment,412.68
TXN000604,2024-03-23,MC DONALDS,Food & Drink,362.77
TXN001471,2024-03-23,DOORDASH*WENDYS,Food & Drink,363.41
TXN002569,2024-03-23,AMZN Mktp US*IB8ZEW6G,Shopping,371.99
TXN002723,2024-03-23,COSTCO GAS #0417,Shopping,204.83
TXN000259,2024-03-24,CHASE CREDIT CRD EPAY,Finance,16.43
TXN001484,2024-03-24,NATIONALGRIDUS,Utilities,341.36
TXN001971,2024-03-24,LYFT *RIDE,Gas & Transport,41.60
TXN002697,2024-03-24,EXPEDIA*756969840,Travel,173.72
TXN000269,2024-03-25,GRUBHUB*PIZZA CO,Food & Drink,467.86
TXN001192,2024-03-25,EXPEDIA,Travel,457.66
TXN001473,2024-03-25,KROGER FUEL CENTER,Groceries,304.38
TXN002634,2024-03-25,GOOGLE *PLAY,Entertainment,194.44
TXN002656,2024-03-25,MCDONALDS #76720,Food & Drink,72.92
TXN001172,2024-03-26,HILTON HHONORS,Travel,294.97
TXN001680,2024-03-26,UBER *TRIP HELP.UBER.C,Gas & Transport,377.88
TXN002986,2024-03-26,NETFLIX.COM,Subscriptions,289.90
TXN000241,2024-03-27,STEAM PURCHASE,Entertainment,29.27
TXN000285,2024-03-27,PANERA BREAD #6698,Food & Drink,202.68
TXN001599,2024-03-27,PLANET FITNESS #7729,Health & Fitness,236.63
TXN002447,2024-03-27,EBAY O*3332401163470,Shopping,411.20
TXN002602,2024-03-27,CAPITAL ONE ONLINE PMT,Finance,45.96
TXN002861,2024-03-27,WALGREENS #54941,Health,332.96
TXN000955,2024-03-28,SAFEWAY #2366,Groceries,369.27
TXN001085,2024-03-28,PLANET FITNESS #7837,Health & Fitness,397.10
TXN002120,2024-03-28,MC DONALDS,Food & Drink,439.78
TXN002642,2024-03-28,SHELL #867977,Gas & Transport,276.40
TXN002980,2024-03-28,Spotify USA,Subscriptions,53.61
TXN000742,2024-03-29,MICROSOFT 365,Subscriptions,220.74
TXN001077,2024-03-29,PUBLIX #7827,Groceries,211.78
TXN001396,2024-03-29,ITUNES.COM/BILL,Electronics,401.23
TXN001686,2024-03-29,LINKEDIN*PREMIUM,Education,191.46
TXN002200,2024-03-29,EXPEDIA,Travel,351.35
TXN002583,2024-03-29,H&M STORE,Clothing,119.22
TXN001257,2024-03-30,NATIONALGRIDUS,Utilities,192.30
TXN002808,2024-03-30,CHIPOTLE #1013,Food & Drink,36.62
TXN001062,2024-03-31,ALDI #50582,Groceries,384.36
TXN001103,2024-03-31,VALVE*STEAM,Entertainment,182.45
TXN001177,2024-03-31,MCDONALD'S F26553,Food & Drink,260.75
TXN002527,2024-03-31,ZARA #7119,Clothing,366.56
TXN001961,2024-04-01,SUBWAY #1965681,Food & Drink,8.39
TXN002957,2024-04-01,SOUTHWESTAIR.COM,Travel,6.04
TXN002963,2024-04-01,SUBWAY #5539262,Food & Drink,491.15
TXN000967,2024-04-02,NIKE.COM,Clothing,402.11
TXN001698,2024-04-02,LYFT *RIDE,Gas & Transport,42.15
TXN002179,2024-04-02,CHEVRON 35975010817267,Gas & Transport,241.53
TXN000612,2024-04-03,SHELL SERVICE STATION,Gas & Transport,420.19
TXN000650,2024-04-03,MARRIOTT,Travel,440.95
TXN002247,2024-04-03,SUBWAY #6621964,Food & Drink,107.39
TXN002316,2024-04-03,STEAM PURCHASE,Entertainment,8.15
TXN002520,2024-04-03,SPOTIFY P83131,Subscriptions,463.36
TXN002538,2024-04-03,Amazon.com*HV1D0TGO,Shopping,285.46
TXN002978,2024-04-03,COSTCO.COM,Shopping,439.51
TXN000378,2024-04-04,APPLE.COM/BILL,Electronics,444.98
TXN000648,2024-04-04,TJ MAXX #8224252,Clothing,44.07
TXN001910,2024-04-04,DISNEYPLUS.COM,Subscriptions,159.60
TXN000434,2024-04-05,ALDI #83535,Groceries,191.30
TXN001195,2024-04-05,EBAY O*1270283072966,Shopping,273.58
TXN002288,2024-04-05,MARRIOTT HOTELS,Travel,180.46
TXN000028,2024-04-06,SOUTHWESTAIR.COM,Travel,123.28
TXN001170,2024-04-06,AIRBNB * HVJXWU,Travel,106.37
TXN001885,2024-04-06,DOORDASH*PIZZA HUT,Food & Drink,379.71
TXN002820,2024-04-06,TJ MAXX #1005942,Clothing,164.10
TXN000674,2024-04-07,APPLE.COM/BILL,Entertainment,118.12
TXN001146,2024-04-07,PANERABREAD.COM,Food & Drink,430.52
TXN001179,2024-04-07,DOORDASH DASHPASS,Food & Drink,426.83
TXN002882,2024-04-07,OLDNAVY.COM,Clothing,249.19
TXN000830,2024-04-08,AMEX EPAYMENT ACH PMT,Finance,163.67
TXN001501,2024-04-08,ETSY INC,Shopping,177.15
TXN001779,2024-04-08,DOORDASH*WENDYS,Food & Drink,105.87
TXN001807,2024-04-08,LINKEDIN*PREMIUM,Education,27.22
TXN001899,2024-04-09,EBAY O*3182212278421,Shopping,363.74
TXN002102,2024-04-09,IKEA.COM/US,Home & Furniture,421.11
TXN002686,2024-04-09,OLD NAVY #42153,Clothing,371.42
TXN002819,2024-04-09,DOORDASH*DOMINOS,Food & Drink,83.11
TXN001442,2024-04-10,SOUTHWEST AIR,Travel,286.99
TXN002591,2024-04-10,ETSY INC,Shopping,259.20
TXN002620,2024-04-10,VERIZON WIRELESS,Utilities,301.69
TXN002903,2024-04-10,WELLS FARGO BANK,Finance,453.68
TXN000844,2024-04-11,ADOBE*793732521,Subscriptions,311.87
TXN002785,2024-04-11,WAYFAIR*62135241,Home & Furniture,116.04
TXN000491,2024-04-12,UDEMY,Education,327.00
TXN000840,2024-04-12,CHEVRON #287836,Gas & Transport,355.84
TXN002705,2024-04-12,WELLS FARGO BANK,Finance,261.70
TXN002849,2024-04-12,NIKE #7378,Clothing,339.33
TXN000316,2024-04-13,SHELL OIL 97500063959385,Gas & Transport,243.75
TXN000559,2024-04-13,SHELL OIL 45327080464867,Gas & Transport,281.12
TXN001159,2024-04-13,APPLE.COM/BILL,Entertainment,260.90
TXN001818,2024-04-13,WALMART GROCERY #2034,Shopping,395.72
TXN002073,2024-04-13,ITunes.com/bill,Entertainment,483.47
TXN002297,2024-04-13,UBEREATS,Food & Drink,32.28
TXN002358,2024-04-13,UBER *TRIP HELP.UBER.C,Gas & Transport,197.44
TXN000091,2024-04-14,H&M STORE,Clothing,397.70
TXN001427,2024-04-14,PUBLIX #9888,Groceries,183.55
TXN001525,2024-04-14,BOOKING.COM,Travel,8.64
TXN001945,2024-04-14,PETSMART #7067,Pets,46.41
TXN002261,2024-04-14,HILTON HOTELS,Travel,357.52
TXN002507,2024-04-14,LYFT *1 LYFT.COM,Gas & Transport,344.63
TXN000239,2024-04-15,AMEX EPAYMENT ACH PMT,Finance,155.16
TXN000435,2024-04-15,MARRIOTT HOTELS,Travel,225.40
TXN000799,2024-04-15,THE HOME DEPOT #4685,Home Improvement,310.01
TXN002555,2024-04-15,EBAY O*4079565645244,Shopping,290.81
TXN001029,2024-04-16,IKEA.COM/US,Home & Furniture,210.22
TXN001850,2024-04-16,UBER *TRIP HELP.UBER.C,Gas & Transport,74.55
TXN002800,2024-04-16,BEST BUY #8047500,Electronics,473.52
TXN002995,2024-04-16,SUBWAY #3373224,Food & Drink,92.68
TXN000063,2024-04-17,COURSERA,Education,104.76
TXN000622,2024-04-17,CHEWY.COM,Pets,285.81
TXN001269,2024-04-17,WHOLE FOODS MARKET,Groceries,38.47
TXN001454,2024-04-17,WALGREENS STORE,Health,404.04
TXN001764,2024-04-17,AT&T *PAYMENT,Utilities,436.95
TXN001952,2024-04-17,H & M #14781,Clothing,188.56
TXN000963,2024-04-18,WELLS FARGO BANK,Finance,480.13
TXN001912,2024-04-18,ZARA #5785,Clothing,311.58
TXN000699,2024-04-19,LYFT *1 LYFT.COM,Gas & Transport,369.10
TXN001669,2024-04-19,COURSERA INC,Education,473.54
TXN002049,2024-04-19,TRADER JOE'S #592,Groceries,248.19
TXN001247,2024-04-20,DISNEYPLUS.COM,Subscriptions,112.62
TXN002011,2024-04-20,BESTBUY.COM,Electronics,321.11
TXN002211,2024-04-20,RITE AID STORE 4410,Health,59.47
TXN000103,2024-04-21,TARGET #7456,Shopping,291.75
TXN000458,2024-04-21,EQUINOX #1221,Health & Fitness,412.59
TXN000911,2024-04-21,PLAYSTATION*STORE,Entertainment,24.91
TXN002182,2024-04-21,MC DONALDS,Food & Drink,233.63
TXN000571,2024-04-22,PUBLIX #6467,Groceries,296.52
TXN000574,2024-04-22,ALDI #93358,Groceries,81.59
TXN001590,2024-04-22,HILTON HOTELS,Travel,144.47
TXN001875,2024-04-22,VALVE*STEAM,Entertainment,164.33
TXN000492,2024-04-23,AMEX EPAYMENT ACH PMT,Finance,253.26
TXN001164,2024-04-23,SOUTHWESTAIR.COM,Travel,492.56
TXN001223,2024-04-23,BEST BUY CO INC,Electronics,110.92
TXN001409,2024-04-23,TJMAXX.COM,Clothing,376.40
TXN002218,2024-04-23,PAYPAL *INST XFER,Finance,106.46
TXN002388,2024-04-23,REGAL CINEMAS #4901,Entertainment,87.53
TXN002776,2024-04-23,GOOGLE *PLAY,Entertainment,368.18
TXN000177,2024-04-24,REGAL CINEMAS #7917,Entertainment,287.71
TXN000511,2024-04-24,BESTBUY.COM,Electronics,308.58
TXN001148,2024-04-24,OLDNAVY.COM,Clothing,292.15
TXN001799,2024-04-24,PETSMART #7396,Pets,289.16
TXN002631,2024-04-24,COMCAST CABLE COMM,Utilities,131.95
TXN001258,2024-04-25,MARRIOTT,Travel,50.93
TXN002045,2024-04-25,TRADER JOE'S #333,Groceries,404.24
TXN002510,2024-04-25,SAFEWAY #9151,Groceries,267.39
TXN000121,2024-04-26,AMZ*OYIEQ2Q1,Shopping,171.36
TXN000200,2024-04-26,MARRIOTT HOTELS,Travel,21.29
TXN000291,2024-04-26,UBER* EATS,Food & Drink,57.57
TXN001112,2024-04-26,BESTBUY.COM,Electronics,65.64
TXN002794,2024-04-26,GAP #73757,Clothing,114.50
TXN001355,2024-04-27,HILTON HOTELS,Travel,449.63
TXN002334,2024-04-27,UBER *TRIP HELP.UBER.C,Gas & Transport,79.94
TXN000566,2024-04-28,STEAM PURCHASE,Entertainment,182.31
TXN001182,2024-04-28,NATIONALGRIDUS,Utilities,218.05
TXN001284,2024-04-28,MICROSOFT 365,Subscriptions,281.98
TXN001968,2024-04-28,ALDI #46277,Groceries,35.41
TXN002747,2024-04-28,DELTA*687230197093,Travel,444.53
TXN002879,2024-04-28,DISNEYPLUS.COM,Subscriptions,31.50
TXN000142,2024-04-29,Google Play,Entertainment,165.76
TXN000312,2024-04-29,UBER* TRIP HELP.UBER.COM,Gas & Transport,249.20
TXN001723,2024-04-29,MICROSOFT*MSBILL,Subscriptions,120.86
TXN002072,2024-04-29,ITUNES.COM/BILL,Electronics,443.12
TXN000056,2024-04-30,BEST BUY #3665472,Electronics,69.31
TXN000131,2024-04-30,NETFLIX.COM,Subscriptions,72.09
TXN000561,2024-04-30,PUBLIX #1376,Groceries,250.18
TXN000944,2024-04-30,GAP.COM,Clothing,25.56
TXN001093,2024-04-30,SUBWAY #5409646,Food & Drink,420.26
TXN002370,2024-04-30,COMCAST CABLE COMM,Utilities,78.09
TXN000021,2024-05-01,AMEX EPAYMENT ACH PMT,Finance,417.87
TXN000127,2024-05-01,LINKEDIN LEARNING,Education,114.35
TXN001439,2024-05-01,GOOGLE*SVCSAPPS,Entertainment,65.97
TXN001481,2024-05-01,AMC #33927,Entertainment,247.09
TXN001729,2024-05-01,SUBWAY #6913522,Food & Drink,157.36
TXN001893,2024-05-01,SOUTHWEST AIR,Travel,130.36
TXN000110,2024-05-02,MC DONALDS,Food & Drink,443.18
TXN000881,2024-05-02,GOOGLE*SVCSAPPS,Entertainment,317.96
TXN001178,2024-05-02,PETSMART #4134,Pets,264.98
TXN001418,2024-05-02,PUBLIX #5949,Groceries,343.08
TXN001490,2024-05-02,EBAY O*9270766226110,Shopping,80.12
TXN001695,2024-05-02,WELLS FARGO BANK,Finance,249.57
TXN002025,2024-05-02,DUNKIN #315391,Food & Drink,415.99
TXN002138,2024-05-02,DELTA*238159076251,Travel,350.47
TXN000514,2024-05-03,WAYFAIR LLC,Home & Furniture,127.50
TXN000582,2024-05-03,WALMART.COM,Shopping,346.74
TXN000947,2024-05-03,LINKEDIN*PREMIUM,Education,273.42
TXN001116,2024-05-03,WALMART GROCERY #3413,Shopping,295.04
TXN001544,2024-05-03,PLANET FITNESS #9911,Health & Fitness,12.40
TXN002581,2024-05-03,COURSERA,Education,408.85
TXN002936,2024-05-03,COMCAST CABLE COMM,Utilities,95.17
TXN000869,2024-05-04,RITE AID STORE 4298,Health,237.62
TXN001293,2024-05-04,BKG*1223802792950,Travel,310.93
TXN001645,2024-05-04,ALDI #20450,Groceries,297.20
TXN002546,2024-05-04,SHELL OIL 91115275762495,Gas & Transport,303.42
TXN000206,2024-05-05,TJ MAXX #3825292,Clothing,135.87
TXN000311,2024-05-05,EXPEDIA,Travel,385.96
TXN000700,2024-05-05,APPLE STORE #0849,Electronics,58.85
TXN000774,2024-05-05,PETCO #75482,Pets,155.13
TXN002577,2024-05-05,EBAY O*8594113344411,Shopping,193.96
TXN002327,2024-05-06,PETSMART #8476,Pets,232.32
TXN000978,2024-05-07,GAP #82062,Clothing,496.69
TXN001531,2024-05-07,COMCAST*485746610,Utilities,346.56
TXN001684,2024-05-07,AMEX EPAYMENT ACH PMT,Finance,319.34
TXN002239,2024-05-07,Spotify USA,Subscriptions,493.56
TXN002365,2024-05-07,AMERICAN AIRLINES,Travel,495.82
TXN002556,2024-05-07,WAYFAIR,Home & Furniture,39.65
TXN002692,2024-05-07,OLDNAVY.COM,Clothing,100.91
TXN001084,2024-05-08,CHASE AUTOPAY,Finance,30.42
TXN001296,2024-05-08,LYFT *RIDE,Gas & Transport,200.88
TXN002082,2024-05-08,BEST BUY CO INC,Electronics,268.79
TXN002766,2024-05-08,WAYFAIR,Home & Furniture,388.69
TXN002857,2024-05-08,EBAY O*1101804898581,Shopping,371.64
TXN002071,2024-05-09,MACY'S #1124,Clothing,400.97
TXN000237,2024-05-10,EXXON 85743725755442,Gas & Transport,123.22
TXN000593,2024-05-10,GRUBHUB.COM,Food & Drink,227.39
TXN001273,2024-05-10,HULU*36770229,Subscriptions,95.62
TXN002426,2024-05-10,ALDI #86100,Groceries,108.79
TXN002962,2024-05-10,VALVE*STEAM,Entertainment,184.17
TXN000516,2024-05-11,EBAY O*1128384052035,Shopping,217.45
TXN001215,2024-05-11,AMZN Mktp US*76PHS04G,Shopping,60.46
TXN002931,2024-05-11,HOME DEPOT.COM,Home Improvement,230.55
TXN002952,2024-05-11,PLANET FITNESS #6374,Health & Fitness,137.09
TXN000077,2024-05-12,HULU*26416475,Subscriptions,15.16
TXN000410,2024-05-12,TARGET T-8511,Shopping,66.89
TXN000637,2024-05-12,ZARA USA LLC,Clothing,299.29
TXN001097,2024-05-12,ATT*BILL PAYMENT,Utilities,192.50
TXN001314,2024-05-12,WAYFAIR*22719993,Home & Furniture,120.13
TXN001437,2024-05-12,SOUTHWESTAIR.COM,Travel,331.13
TXN001598,2024-05-12,PLAYSTATION NETWORK,Entertainment,254.78
TXN002401,2024-05-12,DISNEY PLUS,Subscriptions,133.57
TXN002935,2024-05-12,TARGET #9194,Shopping,278.60
TXN001253,2024-05-13,PAYPAL *TRANSFER,Finance,10.69
TXN001385,2024-05-13,HILTON HOTELS,Travel,26.75
TXN002927,2024-05-13,COMCAST CABLE COMM,Utilities,354.74
TXN000848,2024-05-14,BOOKING.COM,Travel,449.83
TXN001664,2024-05-14,VZW*VERIZON,Utilities,217.16
TXN001775,2024-05-14,PANERABREAD.COM,Food & Drink,135.17
TXN001888,2024-05-14,CVS/PHARM,Health,53.61
TXN002329,2024-05-14,VENMO,Finance,384.94
TXN002792,2024-05-14,LOWE'S #5334,Home Improvement,349.43
TXN002874,2024-05-14,AMZN Mktp US*JBUZ97XH,Shopping,306.80
TXN001474,2024-05-15,CHEWY.COM,Pets,289.40
TXN001828,2024-05-15,DOORDASH DASHPASS,Food & Drink,455.77
TXN002609,2024-05-15,GAP.COM,Clothing,336.54
TXN002676,2024-05-15,RITE AID STORE 5226,Health,487.79
TXN000250,2024-05-16,ADOBE SYSTEMS INC,Subscriptions,246.76
TXN000535,2024-05-16,CVS/PHARM,Health,79.36
TXN000625,2024-05-16,NETFLIX.COM,Subscriptions,302.25
TXN001218,2024-05-16,AMAZON PRIME*Q4TFQ3OU,Shopping,425.85
TXN000047,2024-05-17,DOORDASH*SUBWAY,Food & Drink,15.64
TXN000643,2024-05-17,GRUBHUB.COM,Food & Drink,442.92
TXN001406,2024-05-17,WALGREENS STORE,Health,164.53
TXN001485,2024-05-17,ITUNES.COM/BILL,Electronics,352.00
TXN002169,2024-05-17,PUBLIX #8032,Groceries,354.01
TXN002243,2024-05-17,VERIZON WIRELESS,Utilities,121.49
TXN002663,2024-05-17,PLANET FITNESS #5678,Health & Fitness,360.10
TXN000750,2024-05-18,LYFT,Gas & Transport,331.79
TXN001169,2024-05-18,PUBLIX #9647,Groceries,283.59
TXN002499,2024-05-18,H&M STORE,Clothing,72.48
TXN000124,2024-05-19,NATIONALGRIDUS,Utilities,202.31
TXN000798,2024-05-19,HULU,Subscriptions,171.28
TXN000901,2024-05-19,Amazon.com*NNQ5VAOQ,Shopping,385.67
TXN000941,2024-05-19,VENMO,Finance,371.02
TXN001016,2024-05-19,PAYPAL *INST XFER,Finance,219.47
TXN001301,2024-05-19,COSTCO WHSE #0758,Shopping,284.12
TXN001381,2024-05-19,AMZN Mktp US*Z19LWMS5,Shopping,154.94
TXN002493,2024-05-19,Disney+ Subscription,Subscriptions,142.88
TXN000210,2024-05-20,UBER* EATS,Food & Drink,87.02
TXN000997,2024-05-20,WHOLEFDS SEA 794,Groceries,393.18
TXN000812,2024-05-21,SAFEWAY #6218,Groceries,383.82
TXN002195,2024-05-21,KROGER FUEL CENTER,Groceries,220.02
TXN000083,2024-05-22,PSN*PLAYSTATION,Entertainment,477.65
TXN000427,2024-05-22,T-MOBILE*AUTO PAY,Utilities,249.84
TXN000465,2024-05-22,AMEX EPAYMENT ACH PMT,Finance,267.78
TXN001233,2024-05-22,AMERICAN AIRLINES,Travel,304.68
TXN001399,2024-05-22,EXPEDIA,Travel,152.50
TXN001515,2024-05-22,STEAM PURCHASE,Entertainment,175.23
TXN001891,2024-05-22,DOORDASH*CHIPOTLE,Food & Drink,422.87
TXN001307,2024-05-23,SBUX,Food & Drink,110.04
TXN002092,2024-05-23,HILTON HHONORS,Travel,128.40
TXN002325,2024-05-23,CONED WEB PAY,Utilities,175.97
TXN002892,2024-05-23,CAPITAL ONE ONLINE PMT,Finance,11.21
TXN000968,2024-05-24,COMCAST*408372761,Utilities,354.33
TXN000975,2024-05-24,MICROSOFT 365,Subscriptions,426.71
TXN002636,2024-05-24,PLANET FITNESS #4927,Health & Fitness,374.86
TXN002682,2024-05-24,EQUINOX #4021,Health & Fitness,179.54
TXN000020,2024-05-25,WAYFAIR LLC,Home & Furniture,201.69
TXN000933,2024-05-25,RITE AID STORE 8045,Health,387.27
TXN001787,2024-05-25,LOWE'S #6106,Home Improvement,34.19
TXN002062,2024-05-25,DELTA AIR LINES,Travel,243.90
TXN002152,2024-05-25,BEST BUY #8613962,Electronics,484.40
TXN002958,2024-05-25,NETFLIX.COM,Subscriptions,457.79
TXN000945,2024-05-26,NATIONALGRIDUS,Utilities,322.55
TXN001589,2024-05-26,ATT*BILL PAYMENT,Utilities,487.29
TXN002010,2024-05-26,EQUINOX #3508,Health & Fitness,213.81
TXN002117,2024-05-26,BOOKING.COM,Travel,103.90
TXN002743,2024-05-26,BP GAS #587379,Gas & Transport,56.61
TXN000619,2024-05-27,WELLS FARGO BANK,Finance,35.78
TXN000821,2024-05-28,CONED WEB PAY,Utilities,157.59
TXN001198,2024-05-28,MARRIOTT HOTELS,Travel,364.23
TXN002946,2024-05-28,PLANET FITNESS #5039,Health & Fitness,97.35
TXN001027,2024-05-29,EXXON/MOBIL #9519730,Gas & Transport,332.10
TXN001464,2024-05-29,EXXON/MOBIL #5524852,Gas & Transport,251.05
TXN001852,2024-05-29,NIKE #2164,Clothing,153.41
TXN001866,2024-05-29,GAP.COM,Clothing,285.28
TXN001917,2024-05-29,THE HOME DEPOT #9910,Home Improvement,37.73
TXN001934,2024-05-29,MC DONALDS,Food & Drink,261.11
TXN000235,2024-05-30,PAYPAL *TRANSFER,Finance,469.37
TXN000474,2024-05-30,SUBWAY #68567,Food & Drink,494.54
TXN001502,2024-05-30,CHIPOTLE MEXICAN GRILL,Food & Drink,340.71
TXN000824,2024-05-31,THE HOME DEPOT #7780,Home Improvement,292.81
TXN002428,2024-05-31,CHIPOTLE ONLINE,Food & Drink,329.82
TXN002858,2024-05-31,WHOLEFDS LA 814,Groceries,126.83
TXN002911,2024-05-31,WALGREENS #15945,Health,213.76
TXN000264,2024-06-01,HULU,Subscriptions,279.01
TXN000456,2024-06-01,CHEVRON 94501841401203,Gas & Transport,126.35
TXN000809,2024-06-01,LYFT *RIDE,Gas & Transport,458.64
TXN001305,2024-06-01,UBEREATS,Food & Drink,374.92
TXN001318,2024-06-01,AMAZON WEB SVCS,Shopping,51.01
TXN001743,2024-06-01,CHEWY.COM,Pets,42.72
TXN002287,2024-06-01,PLANET FITNESS #2069,Health & Fitness,2.62
TXN000134,2024-06-02,PAYPAL *EBAY,Shopping,160.84
TXN001724,2024-06-02,LOWES.COM,Home Improvement,324.46
TXN002021,2024-06-02,SPOTIFY P97147,Subscriptions,150.69
TXN002410,2024-06-02,PLAYSTATION*STORE,Entertainment,107.32
TXN002579,2024-06-02,COMCAST*564205191,Utilities,201.90
TXN000126,2024-06-03,COURSERA INC,Education,389.29
TXN000224,2024-06-03,AMC #95406,Entertainment,280.20
TXN002272,2024-06-03,EXXONMOBIL GAS,Gas & Transport,105.21
TXN002483,2024-06-03,DELTA AIR LINES,Travel,473.38
TXN001443,2024-06-04,GRUBHUB*SUSHI PLACE,Food & Drink,214.54
TXN002081,2024-06-04,REGAL CINEMAS #3752,Entertainment,83.63
TXN002107,2024-06-04,PETSMART #2445,Pets,14.92
TXN002513,2024-06-04,LYFT *RIDE,Gas & Transport,266.65
TXN002863,2024-06-04,SPOTIFY P56968,Subscriptions,282.05
TXN001428,2024-06-05,EXXON 64144372295004,Gas & Transport,473.89
TXN001773,2024-06-05,VALVE*STEAM,Entertainment,187.92
TXN001988,2024-06-05,APPLE.COM/BILL,Entertainment,373.94
TXN000160,2024-06-06,EQUINOX #3022,Health & Fitness,163.87
TXN000314,2024-06-06,ATT*BILL PAYMENT,Utilities,180.15
TXN001125,2024-06-06,AMEX EPAYMENT ACH PMT,Finance,88.01
TXN001677,2024-06-06,WALMART.COM,Shopping,314.13
TXN002276,2024-06-06,AT&T MOBILITY,Utilities,152.76
TXN000062,2024-06-07,IKEA US #327,Home & Furniture,313.69
TXN001260,2024-06-07,PETCO #15030,Pets,233.24
TXN001297,2024-06-07,SOUTHWESTAIR.COM,Travel,304.24
TXN002032,2024-06-07,EXXONMOBIL GAS,Gas & Transport,45.94
TXN002811,2024-06-07,BOOKING.COM,Travel,22.19
TXN000345,2024-06-08,CVS/PHARMACY #80751,Health,186.23
TXN001845,2024-06-08,CHEWY*60221682,Pets,98.61
TXN001856,2024-06-08,AT&T *PAYMENT,Utilities,412.70
TXN000230,2024-06-09,SUBWAY #23157,Food & Drink,335.75
TXN000596,2024-06-09,EXPEDIA,Travel,74.81
TXN000954,2024-06-10,PETCO #43748,Pets,390.69
TXN001053,2024-06-10,BKG*8322215667946,Travel,498.63
TXN002100,2024-06-10,OLDNAVY.COM,Clothing,469.24
TXN000382,2024-06-11,AMAZON WEB SVCS,Shopping,67.00
TXN000555,2024-06-11,IKEA.COM/US,Home & Furniture,395.63
TXN000920,2024-06-12,COURSERA INC,Education,405.18
TXN000217,2024-06-13,CHEVRON #795115,Gas & Transport,418.08
TXN000693,2024-06-13,Disney+ Subscription,Subscriptions,366.44
TXN002232,2024-06-13,CHEVRON #275380,Gas & Transport,302.01
TXN002425,2024-06-13,SHELL #957678,Gas & Transport,169.27
TXN002982,2024-06-13,RITE AID STORE 9908,Health,81.02
TXN000603,2024-06-14,TJ MAXX #1802609,Clothing,392.67
TXN001804,2024-06-14,ADOBE  *ADOBE,Subscriptions,258.14
TXN002597,2024-06-14,TARGET.COM,Shopping,411.95
TXN000244,2024-06-15,CHEVRON 53731336817815,Gas & Transport,406.10
TXN000707,2024-06-15,WAYFAIR LLC,Home & Furniture,309.03
TXN001792,2024-06-15,LYFT *RIDE,Gas & Transport,48.03
TXN000024,2024-06-16,VALVE*STEAM,Entertainment,101.71
TXN000049,2024-06-16,HOME DEPOT.COM,Home Improvement,147.07
TXN000104,2024-06-16,BKG*8082600841519,Travel,250.80
TXN000424,2024-06-16,MACYS.COM,Clothing,431.38
TXN002014,2024-06-16,MCDONALD'S F47705,Food & Drink,292.95
TXN002175,2024-06-16,H&M STORE,Clothing,266.89
TXN002608,2024-06-16,TRADER JOE'S #659,Groceries,454.29
TXN002876,2024-06-16,T-MOBILE*AUTO PAY,Utilities,2.33
TXN000155,2024-06-17,SUBWAY #6969879,Food & Drink,226.01
TXN000346,2024-06-17,THE HOME DEPOT #1068,Home Improvement,313.42
TXN000437,2024-06-17,WAYFAIR*79170250,Home & Furniture,310.85
TXN000537,2024-06-17,TRADER JOE'S #394,Groceries,288.81
TXN000601,2024-06-17,IKEA US #683,Home & Furniture,41.32
TXN000805,2024-06-17,AIRBNB * TVTIQT,Travel,3.10
TXN001542,2024-06-17,KROGER #393,Groceries,163.88
TXN002301,2024-06-17,STARBUCKS STORE 75685,Food & Drink,277.20
TXN002367,2024-06-17,WAYFAIR*40272829,Home & Furniture,241.94
TXN002624,2024-06-17,APPLE.COM/BILL,Entertainment,51.64
TXN001286,2024-06-18,NATIONALGRIDUS,Utilities,321.03
TXN002605,2024-06-18,EXXONMOBIL GAS,Gas & Transport,91.98
TXN002891,2024-06-18,MARRIOTT HOTELS,Travel,237.86
TXN000549,2024-06-19,PLAYSTATION NETWORK,Entertainment,227.83
TXN000681,2024-06-19,UDEMY,Education,416.26
TXN001210,2024-06-19,TJMAXX.COM,Clothing,391.70
TXN001368,2024-06-19,VENMO,Finance,154.99
TXN001644,2024-06-19,VENMO,Finance,460.49
TXN002528,2024-06-19,CHEVRON #499770,Gas & Transport,281.83
TXN000150,2024-06-20,GAP.COM,Clothing,68.94
TXN001183,2024-06-20,BOOKING.COM,Travel,15.78
TXN002576,2024-06-20,LOWES.COM,Home Improvement,378.60
TXN000175,2024-06-21,OLDNAVY.COM,Clothing,360.98
TXN001861,2024-06-21,CHASE CREDIT CRD EPAY,Finance,291.91
TXN002904,2024-06-21,TMOBILE*POSTPAID,Utilities,475.63
TXN000076,2024-06-22,LOWES.COM,Home Improvement,348.10
TXN001573,2024-06-22,MACYS.COM,Clothing,473.23
TXN002338,2024-06-22,EQUINOX #5158,Health & Fitness,322.82
TXN000009,2024-06-23,MC DONALDS,Food & Drink,471.70
TXN000152,2024-06-23,PAYPAL *EBAY,Shopping,13.82
TXN000327,2024-06-23,HULU*70066520,Subscriptions,18.03
TXN000350,2024-06-23,PETSMART #8619,Pets,387.74
TXN001884,2024-06-23,COURSERA,Education,482.78
TXN001323,2024-06-24,WELLS FARGO BANK,Finance,456.99
TXN001754,2024-06-24,Disney+ Subscription,Subscriptions,58.38
TXN002937,2024-06-24,ETSY INC,Shopping,109.27
TXN000551,2024-06-25,DOORDASH*CHIPOTLE,Food & Drink,197.13
TXN001008,2024-06-25,PLANET FITNESS #3856,Health & Fitness,292.60
TXN001903,2024-06-25,THE HOME DEPOT #6896,Home Improvement,144.25
TXN002219,2024-06-25,AMERICAN AIRLINES,Travel,97.16
TXN002596,2024-06-25,COSTCO.COM,Shopping,121.41
TXN001734,2024-06-26,SOUTHWESTAIR.COM,Travel,372.61
TXN001793,2024-06-26,WELLS FARGO BANK,Finance,88.34
TXN002282,2024-06-26,LYFT *1 LYFT.COM,Gas & Transport,110.52
TXN002582,2024-06-26,WALGREENS STORE,Health,202.16
TXN000408,2024-06-27,NIKE STORE,Clothing,467.51
TXN001017,2024-06-27,IKEA US #625,Home & Furniture,268.82
TXN001572,2024-06-27,CHEVRON 61673740770254,Gas & Transport,319.44
TXN001656,2024-06-27,BESTBUY.COM,Electronics,353.25
TXN002467,2024-06-27,WHOLE FOODS MARKET,Groceries,104.53
TXN000228,2024-06-28,NETFLIX.COM,Subscriptions,205.11
TXN000705,2024-06-28,BP#932859631274,Gas & Transport,392.35
TXN000714,2024-06-28,PAYPAL *PAYMENT,Finance,43.36
TXN002000,2024-06-28,EXPEDIA,Travel,46.64
TXN002154,2024-06-28,UBER *TRIP,Gas & Transport,243.44
TXN000353,2024-06-29,ALDI #80104,Groceries,173.64
TXN000590,2024-06-29,AMEX EPAYMENT ACH PMT,Finance,450.03
TXN001344,2024-06-29,WALMART GROCERY #4509,Shopping,79.59
TXN002542,2024-06-29,RITE AID STORE 3916,Health,454.39
TXN000685,2024-06-30,LOWES.COM,Home Improvement,177.87
TXN001726,2024-06-30,MACY'S #5634,Clothing,310.79
TXN001883,2024-06-30,PAYPAL *INST XFER,Finance,273.06
TXN002098,2024-06-30,Google Play,Entertainment,73.34
TXN002625,2024-06-30,UDEMY.COM*MEZ3GO90,Education,100.51
TXN002356,2024-07-01,WALGREENS #97653,Health,304.80
TXN002508,2024-07-01,EXXONMOBIL GAS,Gas & Transport,54.21
TXN002486,2024-07-02,PLAYSTATION*STORE,Entertainment,14.25
TXN000979,2024-07-03,HILTON HHONORS,Travel,117.12
TXN001311,2024-07-03,WALMART GROCERY #7053,Shopping,179.72
TXN002165,2024-07-03,WALGREENS #64044,Health,373.62
TXN002236,2024-07-03,PAYPAL *EBAY,Shopping,120.67
TXN002254,2024-07-03,COSTCO WHSE #0542,Shopping,351.24
TXN000010,2024-07-04,COURSERA,Education,419.79
TXN001132,2024-07-04,TMOBILE*POSTPAID,Utilities,469.78
TXN001246,2024-07-04,WAYFAIR*57537263,Home & Furniture,478.95
TXN001547,2024-07-04,PAYPAL *PAYMENT,Finance,285.20
TXN002768,2024-07-04,NATIONALGRIDUS,Utilities,299.72
TXN001055,2024-07-05,KROGER #537,Groceries,315.57
TXN001128,2024-07-05,DOORDASH*PIZZA HUT,Food & Drink,168.21
TXN001461,2024-07-05,HILTON HOTELS,Travel,202.71
TXN002934,2024-07-05,HILTON HOTELS,Travel,454.67
TXN000838,2024-07-06,CHASE AUTOPAY,Finance,473.98
TXN001189,2024-07-06,LYFT *1 LYFT.COM,Gas & Transport,339.94
TXN001655,2024-07-06,HULU,Subscriptions,446.04
TXN001955,2024-07-06,COSTCO GAS #0336,Shopping,435.02
TXN002807,2024-07-06,AA*603295069344,Travel,103.56
TXN002943,2024-07-06,CHEWY.COM,Pets,123.75
TXN000724,2024-07-07,AT&T MOBILITY,Utilities,477.08
TXN001334,2024-07-07,OLD NAVY #75839,Clothing,388.68
TXN001631,2024-07-07,VZWRLSS*APOCC VISE,Utilities,87.98
TXN001999,2024-07-07,IKEA US #426,Home & Furniture,278.97
TXN002026,2024-07-07,UDEMY,Education,48.26
TXN002553,2024-07-07,SHELL #261683,Gas & Transport,75.49
TXN000159,2024-07-08,WELLS FARGO BANK,Finance,81.95
TXN001638,2024-07-08,RITE AID STORE 2449,Health,312.13
TXN001963,2024-07-08,COURSERA,Education,215.64
TXN000608,2024-07-09,ALDI #66223,Groceries,454.26
TXN002294,2024-07-09,BEST BUY #4577047,Electronics,84.32
TXN002655,2024-07-09,EXPEDIA*682200405,Travel,292.69
TXN000153,2024-07-10,ADOBE SYSTEMS INC,Subscriptions,172.74
TXN000191,2024-07-10,PAYPAL *INST XFER,Finance,160.35
TXN001911,2024-07-10,EXPEDIA*485329952,Travel,284.97
TXN002171,2024-07-10,H&M STORE,Clothing,256.52
TXN002883,2024-07-10,SUBWAY #44664,Food & Drink,462.57
TXN000046,2024-07-11,TJMAXX.COM,Clothing,372.43
TXN000797,2024-07-11,NIKE.COM,Clothing,284.93
TXN001973,2024-07-11,APL* APPLE ONLINE,Electronics,413.62
TXN002202,2024-07-11,DISNEYPLUS.COM,Subscriptions,370.39
TXN001227,2024-07-12,SHELL SERVICE STATION,Gas & Transport,52.24
TXN002479,2024-07-12,RITE AID STORE 4134,Health,246.68
TXN002997,2024-07-12,CAPITAL ONE ONLINE PMT,Finance,95.43
TXN002548,2024-07-13,NETFLIX.COM,Subscriptions,490.13
TXN002917,2024-07-13,ATT*BILL PAYMENT,Utilities,49.10
TXN000852,2024-07-14,WAL-MART SUPERCENTER,Shopping,264.33
TXN001580,2024-07-14,NETFLIX.COM,Subscriptions,198.69
TXN000419,2024-07-15,PETCO #78823,Pets,366.85
TXN001877,2024-07-15,SHELL #647216,Gas & Transport,161.77
TXN002162,2024-07-15,TRADER JOE'S #685,Groceries,330.34
TXN002511,2024-07-15,GAP #11435,Clothing,188.53
TXN001141,2024-07-16,UDEMY.COM*637KR10E,Education,355.31
TXN002568,2024-07-16,BEST BUY CO INC,Electronics,296.07
TXN002694,2024-07-16,EXPEDIA*438243699,Travel,229.25
TXN002735,2024-07-16,ALDI #59586,Groceries,90.47
TXN002380,2024-07-17,CVS/PHARM,Health,39.75
TXN000605,2024-07-18,HILTON HOTELS,Travel,267.92
TXN002823,2024-07-18,HULU*83952132,Subscriptions,118.84
TXN000726,2024-07-19,MCDONALDS #22532,Food & Drink,224.29
TXN001019,2024-07-19,AMERICAN AIRLINES,Travel,329.64
TXN002087,2024-07-19,APPLE STORE #0582,Electronics,446.27
TXN002803,2024-07-19,ZARA #3721,Clothing,459.22
TXN002872,2024-07-19,DELTA*774071335849,Travel,252.04
TXN002902,2024-07-19,RITE AID STORE 1829,Health,394.99
TXN001977,2024-07-20,TJMAXX.COM,Clothing,405.22
TXN002733,2024-07-20,WELLS FARGO BANK,Finance,313.77
TXN001769,2024-07-21,WELLS FARGO BANK,Finance,14.05
TXN000335,2024-07-22,COSTCO GAS #0928,Shopping,208.22
TXN000669,2024-07-22,UBER EATS HELP.UBER.COM,Food & Drink,46.80
TXN001987,2024-07-22,LINKEDIN LEARNING,Education,271.62
TXN002961,2024-07-22,LINKEDIN LEARNING,Education,387.78
TXN000173,2024-07-23,TJ MAXX #4163597,Clothing,189.43
TXN002290,2024-07-23,ETSY INC,Shopping,216.24
TXN002292,2024-07-23,EXXONMOBIL GAS,Gas & Transport,480.40
TXN002782,2024-07-23,AMEX EPAYMENT ACH PMT,Finance,141.64
TXN002897,2024-07-23,PUBLIX #9793,Groceries,88.12
TXN000213,2024-07-24,APPLE.COM/BILL,Electronics,71.73
TXN000628,2024-07-24,EBAY O*5036378017965,Shopping,307.96
TXN001254,2024-07-24,SUBWAY #45037,Food & Drink,58.70
TXN001387,2024-07-24,CHIPOTLE MEXICAN GRILL,Food & Drink,377.85
TXN001970,2024-07-24,DOORDASH*PIZZA HUT,Food & Drink,67.72
TXN002814,2024-07-24,AMC THEATRES #2957,Entertainment,252.61
TXN002826,2024-07-24,UBER* EATS,Food & Drink,293.43
TXN000306,2024-07-25,AMZN Mktp US*1GZPH9TE,Shopping,131.88
TXN001339,2024-07-25,AIRBNB PAYMENTS,Travel,52.74
TXN001447,2024-07-25,ETSY INC,Shopping,143.70
TXN001815,2024-07-25,LINKEDIN*PREMIUM,Education,257.58
TXN002684,2024-07-25,PANERA BREAD #7995,Food & Drink,365.43
TXN000277,2024-07-26,SOUTHWESTAIR.COM,Travel,499.40
TXN000731,2024-07-26,LINKEDIN LEARNING,Education,69.57
TXN000868,2024-07-26,MC DONALDS,Food & Drink,255.51
TXN002017,2024-07-26,KROGER FUEL CENTER,Groceries,358.90
TXN002409,2024-07-26,CAPITAL ONE ONLINE PMT,Finance,119.06
TXN002924,2024-07-26,WAYFAIR,Home & Furniture,366.71
TXN000766,2024-07-27,SAFEWAY #1825,Groceries,355.79
TXN000801,2024-07-27,DD/BR #611757,Food & Drink,262.43
TXN002001,2024-07-27,STARBUCKS STORE 93921,Food & Drink,18.89
TXN002258,2024-07-27,CHEVRON 38906294435975,Gas & Transport,61.53
TXN001059,2024-07-28,PLANET FITNESS #2555,Health & Fitness,409.02
TXN002183,2024-07-28,AIRBNB PAYMENTS,Travel,433.87
TXN000185,2024-07-29,RITE AID STORE 7756,Health,213.51
TXN000788,2024-07-29,NATIONALGRIDUS,Utilities,402.55
TXN000952,2024-07-29,AIRBNB PAYMENTS,Travel,451.64
TXN001243,2024-07-29,CAPITAL ONE ONLINE PMT,Finance,180.66
TXN002503,2024-07-29,EBAY O*3716178075861,Shopping,428.27
TXN000980,2024-07-30,VZWRLSS*APOCC VISE,Utilities,398.34
TXN002645,2024-07-30,CHEWY*52578478,Pets,269.84
TXN001106,2024-07-31,CAPITAL ONE ONLINE PMT,Finance,48.44
TXN001291,2024-07-31,AMC THEATRES #8537,Entertainment,462.73
TXN002633,2024-07-31,CHEVRON #783642,Gas & Transport,355.70
TXN000611,2024-08-01,AIRBNB PAYMENTS,Travel,99.05
TXN001190,2024-08-01,OLD NAVY #28048,Clothing,37.53
TXN001500,2024-08-01,STARBUCKS #59611,Food & Drink,141.13
TXN002132,2024-08-01,PAYPAL *TRANSFER,Finance,263.08
TXN002252,2024-08-01,PAYPAL *INST XFER,Finance,90.25
TXN001446,2024-08-02,BKG*9659149135024,Travel,383.91
TXN002455,2024-08-02,PUBLIX #5510,Groceries,330.48
TXN002557,2024-08-02,EXPEDIA*983576726,Travel,315.39
TXN000376,2024-08-03,BEST BUY CO INC,Electronics,162.77
TXN000384,2024-08-03,EXXONMOBIL GAS,Gas & Transport,392.31
TXN000951,2024-08-03,SHELL #422735,Gas & Transport,475.17
TXN001416,2024-08-03,MARRIOTT,Travel,119.75
TXN002464,2024-08-03,ADOBE  *ADOBE,Subscriptions,293.97
TXN002712,2024-08-03,TRADER JOE'S #695,Groceries,173.05
TXN000342,2024-08-04,VZW*VERIZON,Utilities,189.44
TXN000470,2024-08-04,BP GAS #739827,Gas & Transport,416.69
TXN000504,2024-08-04,Spotify USA,Subscriptions,327.51
TXN000907,2024-08-04,ALDI #56315,Groceries,445.99
TXN001086,2024-08-04,UDEMY.COM*63DEAPLT,Education,425.01
TXN001322,2024-08-04,UBEREATS,Food & Drink,425.49
TXN001591,2024-08-04,AMERICAN AIRLINES,Travel,225.67
TXN001607,2024-08-04,DD/BR #410257,Food & Drink,316.84
TXN001637,2024-08-04,PANERABREAD.COM,Food & Drink,415.09
TXN001783,2024-08-04,MCDONALDS #79136,Food & Drink,167.95
TXN000356,2024-08-05,COURSERA,Education,354.23
TXN000663,2024-08-05,HULU,Subscriptions,425.26
TXN002126,2024-08-05,BP#496945019184,Gas & Transport,382.21
TXN002166,2024-08-05,ITunes.com/bill,Entertainment,80.16
TXN002197,2024-08-05,NATIONALGRIDUS,Utilities,414.25
TXN000709,2024-08-06,SHELL OIL 75084548586279,Gas & Transport,286.25
TXN001837,2024-08-06,SAFEWAY #7169,Groceries,445.42
TXN000486,2024-08-07,BP#402444559670,Gas & Transport,22.27
TXN000928,2024-08-07,NETFLIX.COM,Subscriptions,93.41
TXN001153,2024-08-07,SUBWAY #6729344,Food & Drink,152.77
TXN001958,2024-08-07,WHOLE FOODS MARKET,Groceries,400.25
TXN002422,2024-08-08,CVS PHARMACY,Health,249.78
TXN002549,2024-08-08,KROGER FUEL CENTER,Groceries,276.04
TXN000165,2024-08-09,REGAL CINEMAS #5156,Entertainment,41.39
TXN002600,2024-08-09,EXPEDIA,Travel,425.98
TXN002618,2024-08-09,THE HOME DEPOT #2328,Home Improvement,491.77
TXN000216,2024-08-10,ALDI #16741,Groceries,143.33
TXN000409,2024-08-10,WELLS FARGO BANK,Finance,266.11
TXN000956,2024-08-10,H&M STORE,Clothing,259.17
TXN001040,2024-08-10,T-MOBILE*AUTO PAY,Utilities,236.39
TXN001294,2024-08-10,UDEMY.COM*BH0IVK75,Education,220.49
TXN002015,2024-08-10,UBER *TRIP HELP.UBER.C,Gas & Transport,425.31
TXN002153,2024-08-10,ADOBE*753870652,Subscriptions,274.17
TXN002462,2024-08-10,DOORDASH*WENDYS,Food & Drink,450.62
TXN002471,2024-08-10,NIKE #1219,Clothing,216.43
TXN000641,2024-08-11,CHEWY*13471807,Pets,410.99
TXN001896,2024-08-11,WHOLE FOODS MARKET,Groceries,314.65
TXN001979,2024-08-11,PSN*PLAYSTATION,Entertainment,54.91
TXN000322,2024-08-12,REGAL CINEMAS #2680,Entertainment,216.60
TXN000369,2024-08-12,NETFLIX.COM,Subscriptions,191.95
TXN000719,2024-08-12,LINKEDIN*PREMIUM,Education,435.91
TXN001336,2024-08-12,APPLE STORE #0301,Electronics,411.64
TXN002060,2024-08-12,AT&T *PAYMENT,Utilities,464.05
TXN000229,2024-08-13,SAFEWAY #2146,Groceries,398.85
TXN000575,2024-08-13,BOOKING.COM,Travel,12.68
TXN001519,2024-08-13,WALMART GROCERY #9811,Shopping,165.91
TXN001895,2024-08-13,CHEWY*57481580,Pets,441.79
TXN001904,2024-08-13,CAPITAL ONE ONLINE PMT,Finance,333.90
TXN000344,2024-08-14,AIRBNB PAYMENTS,Travel,497.12
TXN000585,2024-08-14,CHASE CREDIT CRD EPAY,Finance,154.79
TXN000991,2024-08-14,ETSY INC,Shopping,37.06
TXN001071,2024-08-14,DELTA AIR LINES,Travel,181.21
TXN001359,2024-08-14,STEAMGAMES.COM,Entertainment,395.71
TXN001836,2024-08-14,UBER *TRIP HELP.UBER.C,Gas & Transport,451.62
TXN001909,2024-08-14,NETFLIX.COM,Subscriptions,32.91
TXN002971,2024-08-14,STARBUCKS STORE 96829,Food & Drink,94.03
TXN000027,2024-08-15,NATIONALGRIDUS,Utilities,246.28
TXN000194,2024-08-15,AT&T MOBILITY,Utilities,39.01
TXN000283,2024-08-15,SUBWAY #3881976,Food & Drink,115.24
TXN000546,2024-08-15,DELTA AIR LINES,Travel,448.48
TXN000787,2024-08-15,CAPITAL ONE ONLINE PMT,Finance,331.04
TXN000001,2024-08-16,DELTA AIR LINES,Travel,181.14
TXN001030,2024-08-16,GRUBHUB.COM,Food & Drink,258.72
TXN001109,2024-08-16,SOUTHWEST AIR,Travel,327.75
TXN001122,2024-08-16,UBER* EATS,Food & Drink,432.18
TXN002012,2024-08-16,COURSERA,Education,44.93
TXN000454,2024-08-17,HILTON HHONORS,Travel,32.94
TXN000989,2024-08-17,MACY'S #6683,Clothing,489.09
TXN001039,2024-08-17,AMC THEATRES #7221,Entertainment,365.98
TXN002311,2024-08-17,HULU*28090588,Subscriptions,67.66
TXN002383,2024-08-17,PLANET FITNESS #5493,Health & Fitness,282.47
TXN000372,2024-08-18,BP GAS #469046,Gas & Transport,373.54
TXN000687,2024-08-18,DUNKIN DONUTS,Food & Drink,74.78
TXN000822,2024-08-18,PUBLIX #9067,Groceries,96.54
TXN000863,2024-08-18,SUBWAY #78149,Food & Drink,268.02
TXN000993,2024-08-18,PANERABREAD.COM,Food & Drink,492.68
TXN001005,2024-08-18,NETFLIX.COM,Subscriptions,90.57
TXN001248,2024-08-18,GOOGLE*SVCSAPPS,Entertainment,71.54
TXN001367,2024-08-18,LYFT *RIDE,Gas & Transport,7.74
TXN001371,2024-08-18,BOOKING.COM,Travel,494.22
TXN001722,2024-08-18,WHOLEFDS SF 138,Groceries,201.34
TXN002240,2024-08-18,SOUTHWEST AIR,Travel,319.28
TXN002412,2024-08-18,ALDI #41699,Groceries,492.20
TXN002457,2024-08-18,RITE AID STORE 4697,Health,484.80
TXN000330,2024-08-19,BEST BUY #8943408,Electronics,394.55
TXN001433,2024-08-19,CAPITAL ONE ONLINE PMT,Finance,51.82
TXN001624,2024-08-19,TARGET T-9873,Shopping,320.72
TXN001960,2024-08-19,GRUBHUB*SUSHI PLACE,Food & Drink,283.16
TXN002022,2024-08-19,AMZN Mktp US*0MVUPHAT,Shopping,126.77
TXN002953,2024-08-19,LINKEDIN LEARNING,Education,58.09
TXN000426,2024-08-20,ADOBE  *ADOBE,Subscriptions,2.49
TXN000741,2024-08-20,DELTA*539057289954,Travel,55.64
TXN000957,2024-08-20,LINKEDIN*PREMIUM,Education,30.11
TXN002078,2024-08-20,EXPEDIA,Travel,307.10
TXN002150,2024-08-20,DD/BR #970479,Food & Drink,100.44
TXN002534,2024-08-20,BEST BUY #6773576,Electronics,209.83
TXN001035,2024-08-21,ETSY INC,Shopping,195.04
TXN001450,2024-08-21,T-MOBILE*AUTO PAY,Utilities,418.51
TXN001554,2024-08-21,EQUINOX #8179,Health & Fitness,252.67
TXN002719,2024-08-21,EBAY O*3346903369649,Shopping,420.18
TXN002815,2024-08-21,MARRIOTT HOTELS,Travel,324.92
TXN000464,2024-08-22,PAYPAL *INST XFER,Finance,28.78
TXN000541,2024-08-22,XBOX GAME PASS,Subscriptions,214.90
TXN000842,2024-08-22,AMC #70036,Entertainment,458.24
TXN002964,2024-08-22,PETSMART #9480,Pets,417.17
TXN000580,2024-08-23,CONED WEB PAY,Utilities,339.21
TXN001391,2024-08-23,SHELL SERVICE STATION,Gas & Transport,189.32
TXN001408,2024-08-23,VERIZON WIRELESS,Utilities,200.55
TXN001478,2024-08-24,SPOTIFY P19391,Subscriptions,494.42
TXN000053,2024-08-25,VENMO,Finance,455.88
TXN001687,2024-08-25,Disney+ Subscription,Subscriptions,168.24
TXN000014,2024-08-26,KROGER FUEL CENTER,Groceries,135.68
TXN001306,2024-08-26,VALVE*STEAM,Entertainment,301.67
TXN001534,2024-08-26,AMEX EPAYMENT ACH PMT,Finance,287.44
TXN002956,2024-08-26,H&M STORE,Clothing,75.22
TXN002496,2024-08-27,LYFT,Gas & Transport,10.69
TXN001456,2024-08-28,EXPEDIA,Travel,140.65
TXN000715,2024-08-29,UDEMY,Education,197.76
TXN002185,2024-08-29,PANERA BREAD #6962,Food & Drink,162.84
TXN000652,2024-08-30,GOOGLE*SVCSAPPS,Entertainment,408.69
TXN001710,2024-08-30,CHASE AUTOPAY,Finance,23.99
TXN002028,2024-08-30,MC DONALDS,Food & Drink,370.66
TXN002866,2024-08-30,LOWES.COM,Home Improvement,268.23
TXN000309,2024-08-31,EXXON/MOBIL #8906539,Gas & Transport,462.47
TXN000727,2024-08-31,HOME DEPOT.COM,Home Improvement,50.51
TXN001497,2024-08-31,STARBUCKS #56865,Food & Drink,457.96
TXN002832,2024-08-31,AMEX EPAYMENT ACH PMT,Finance,395.69
TXN002983,2024-08-31,GRUBHUB.COM,Food & Drink,237.55
TXN000102,2024-09-01,ATT*BILL PAYMENT,Utilities,427.95
TXN000179,2024-09-01,NIKE STORE,Clothing,299.08
TXN000317,2024-09-01,GRUBHUB*BURGER JOINT,Food & Drink,141.26
TXN001221,2024-09-01,UBEREATS,Food & Drink,98.68
TXN001308,2024-09-01,EXPEDIA*832670755,Travel,9.40
TXN001535,2024-09-01,MCDONALD'S F39951,Food & Drink,335.29
TXN002308,2024-09-01,NATIONALGRIDUS,Utilities,396.38
TXN001234,2024-09-02,PLANET FITNESS #2628,Health & Fitness,397.12
TXN001255,2024-09-02,BEST BUY #5359726,Electronics,46.23
TXN002255,2024-09-02,DISNEY PLUS,Subscriptions,285.01
TXN002977,2024-09-02,EXXON 55949932037743,Gas & Transport,205.59
TXN000943,2024-09-03,AMEX EPAYMENT ACH PMT,Finance,114.50
TXN000910,2024-09-04,ETSY.COM,Shopping,98.04
TXN001066,2024-09-04,UBER *TRIP HELP.UBER.C,Gas & Transport,188.82
TXN002233,2024-09-04,PAYPAL *PAYMENT,Finance,394.31
TXN002599,2024-09-04,BP GAS #175232,Gas & Transport,446.21
TXN002760,2024-09-04,REGAL CINEMAS #6216,Entertainment,200.97
TXN000268,2024-09-05,SAFEWAY #1535,Groceries,271.30
TXN001551,2024-09-05,DELTA*216695542842,Travel,260.08
TXN001777,2024-09-05,TARGET T-6271,Shopping,25.16
TXN001873,2024-09-05,PANERABREAD.COM,Food & Drink,121.13
TXN002430,2024-09-05,BOOKING.COM,Travel,206.57
TXN000553,2024-09-06,PLANET FITNESS #7425,Health & Fitness,464.77
TXN001320,2024-09-06,WALGREENS STORE,Health,36.19
TXN001575,2024-09-06,EQUINOX #8057,Health & Fitness,120.19
TXN002606,2024-09-06,LOWES.COM,Home Improvement,16.12
TXN000274,2024-09-07,COURSERA,Education,432.10
TXN000383,2024-09-07,COMCAST*150298653,Utilities,388.66
TXN000569,2024-09-07,COURSERA,Education,467.56
TXN000781,2024-09-07,VZWRLSS*APOCC VISE,Utilities,415.25
TXN000885,2024-09-07,Spotify USA,Subscriptions,107.60
TXN002666,2024-09-07,ADOBE*847797372,Subscriptions,450.80
TXN000729,2024-09-08,RITE AID STORE 3502,Health,161.88
TXN001150,2024-09-08,LYFT,Gas & Transport,203.43
TXN001181,2024-09-08,DISNEYPLUS.COM,Subscriptions,412.26
TXN001475,2024-09-08,COURSERA INC,Education,152.87
TXN001546,2024-09-08,GAP #96321,Clothing,17.47
TXN002376,2024-09-08,SHELL SERVICE STATION,Gas & Transport,484.23
TXN002408,2024-09-08,ZARA #8014,Clothing,444.76
TXN002763,2024-09-08,WAL-MART SUPERCENTER,Shopping,207.59
TXN000779,2024-09-09,SBUX,Food & Drink,98.26
TXN002095,2024-09-09,H&M STORE,Clothing,328.94
TXN002131,2024-09-09,CONED WEB PAY,Utilities,406.47
TXN002396,2024-09-09,OLD NAVY #66593,Clothing,449.49
TXN002761,2024-09-09,OLD NAVY #80158,Clothing,427.12
TXN000045,2024-09-10,DOORDASH DASHPASS,Food & Drink,138.15
TXN001528,2024-09-10,AIRBNB * HAJGXO,Travel,67.21
TXN001635,2024-09-10,COSTCO WHSE #0148,Shopping,478.28
TXN000114,2024-09-11,DOORDASH DASHPASS,Food & Drink,119.24
TXN000069,2024-09-12,WAL-MART #9529,Shopping,45.08
TXN001115,2024-09-12,PLAYSTATION NETWORK,Entertainment,194.67
TXN001158,2024-09-12,SPOTIFY P78091,Subscriptions,115.41
TXN001922,2024-09-12,WAYFAIR LLC,Home & Furniture,133.88
TXN002104,2024-09-12,WAYFAIR*35580137,Home & Furniture,18.81
TXN002459,2024-09-12,TARGET T-6878,Shopping,63.58
TXN002847,2024-09-12,VERIZON WIRELESS,Utilities,18.82
TXN002203,2024-09-13,PLANET FITNESS #2930,Health & Fitness,173.22
TXN002752,2024-09-13,GOOGLE*SVCSAPPS,Entertainment,191.50
TXN000916,2024-09-14,VZWRLSS*APOCC VISE,Utilities,51.44
TXN001694,2024-09-14,PAYPAL *TRANSFER,Finance,380.86
TXN002955,2024-09-14,EXPEDIA,Travel,261.13
TXN000246,2024-09-15,MACY'S #3054,Clothing,70.29
TXN001820,2024-09-15,UBEREATS,Food & Drink,493.13
TXN002449,2024-09-15,DELTA AIR LINES,Travel,291.84
TXN002970,2024-09-15,ALDI #83899,Groceries,408.03
TXN001310,2024-09-16,EBAY O*7188217410844,Shopping,477.02
TXN001369,2024-09-16,THE HOME DEPOT #4678,Home Improvement,162.40
TXN002008,2024-09-16,BEST BUY CO INC,Electronics,99.14
TXN000762,2024-09-17,UBER EATS HELP.UBER.COM,Food & Drink,41.23
TXN001002,2024-09-17,EXPEDIA*791019222,Travel,473.09
TXN001237,2024-09-17,VENMO,Finance,458.94
TXN001279,2024-09-17,ITunes.com/bill,Entertainment,307.06
TXN001458,2024-09-17,COMCAST*875618039,Utilities,305.51
TXN001492,2024-09-17,UBER *TRIP,Gas & Transport,373.45
TXN002433,2024-09-17,T-MOBILE*AUTO PAY,Utilities,257.80
TXN002809,2024-09-17,DISNEY PLUS,Subscriptions,450.81
TXN001518,2024-09-18,LYFT *RIDE,Gas & Transport,166.22
TXN001986,2024-09-18,REGAL CINEMAS #8336,Entertainment,243.92
TXN002487,2024-09-18,AMERICAN AIRLINES,Travel,398.76
TXN002710,2024-09-18,EXXON/MOBIL #9220231,Gas & Transport,145.01
TXN002996,2024-09-18,PANERABREAD.COM,Food & Drink,93.95
TXN001781,2024-09-19,BP GAS #890682,Gas & Transport,282.16
TXN000022,2024-09-20,SAFEWAY #8329,Groceries,339.38
TXN000292,2024-09-20,CONED WEB PAY,Utilities,224.79
TXN000701,2024-09-20,MARRIOTT HOTELS,Travel,277.06
TXN001176,2024-09-20,KROGER #166,Groceries,490.59
TXN001774,2024-09-20,GRUBHUB*BURGER JOINT,Food & Drink,210.16
TXN002451,2024-09-20,PLANET FITNESS #2632,Health & Fitness,428.83
TXN000825,2024-09-21,STARBUCKS STORE 58222,Food & Drink,175.25
TXN002023,2024-09-21,PETSMART #2391,Pets,382.44
TXN002263,2024-09-21,DOORDASH DASHPASS,Food & Drink,269.31
TXN000932,2024-09-22,CHEWY.COM,Pets,437.81
TXN001299,2024-09-22,IKEA.COM/US,Home & Furniture,55.99
TXN001463,2024-09-22,IKEA US #270,Home & Furniture,3.61
TXN002619,2024-09-22,COURSERA INC,Education,55.58
TXN000610,2024-09-23,SBUX,Food & Drink,139.71
TXN000645,2024-09-23,UBEREATS,Food & Drink,465.57
TXN001090,2024-09-23,WELLS FARGO BANK,Finance,416.80
TXN001111,2024-09-23,PLANET FITNESS #1376,Health & Fitness,42.10
TXN002158,2024-09-23,SPOTIFY P13896,Subscriptions,391.16
TXN002242,2024-09-23,EXXONMOBIL GAS,Gas & Transport,22.30
TXN002613,2024-09-23,CHEVRON 75573021167534,Gas & Transport,404.00
TXN001744,2024-09-24,MARRIOTT,Travel,230.04
TXN001863,2024-09-24,EBAY O*9948467620081,Shopping,454.92
TXN002013,2024-09-24,SOUTHWESTAIR.COM,Travel,170.02
TXN002385,2024-09-24,AIRBNB * HEASNG,Travel,219.74
TXN000617,2024-09-25,UBER* TRIP HELP.UBER.COM,Gas & Transport,485.15
TXN000776,2024-09-26,HILTON HHONORS,Travel,152.09
TXN001089,2024-09-26,CONED WEB PAY,Utilities,215.65
TXN001989,2024-09-26,VALVE*STEAM,Entertainment,241.48
TXN000034,2024-09-27,UDEMY.COM*RXKPT7VC,Education,98.53
TXN000626,2024-09-27,WALMART GROCERY #1573,Shopping,283.33
TXN001949,2024-09-27,WHOLE FOODS MARKET,Groceries,75.85
TXN002896,2024-09-27,GRUBHUB.COM,Food & Drink,456.02
TXN000116,2024-09-28,CONED WEB PAY,Utilities,182.86
TXN001536,2024-09-28,PLAYSTATION*STORE,Entertainment,260.06
TXN001898,2024-09-28,NIKE #8893,Clothing,198.12
TXN002097,2024-09-28,TARGET T-3337,Shopping,97.07
TXN002260,2024-09-29,SOUTHWESTAIR.COM,Travel,267.97
TXN002720,2024-09-29,WALMART GROCERY #8911,Shopping,380.82
TXN000050,2024-09-30,CONED WEB PAY,Utilities,280.12
TXN002529,2024-09-30,COMCAST CABLE COMM,Utilities,64.54
TXN002639,2024-09-30,KROGER #625,Groceries,260.81
TXN002649,2024-09-30,EQUINOX #4078,Health & Fitness,249.10
TXN002802,2024-09-30,EXXON/MOBIL #1906484,Gas & Transport,170.22
TXN002907,2024-09-30,PSN*PLAYSTATION,Entertainment,245.78
TXN000318,2024-10-01,Apple Store,Electronics,129.69
TXN000878,2024-10-01,NETFLIX.COM,Subscriptions,352.66
TXN001530,2024-10-01,EBAY O*7931523505306,Shopping,320.04
TXN002279,2024-10-01,ZARA #6613,Clothing,418.55
TXN000449,2024-10-02,IKEA.COM/US,Home & Furniture,317.06
TXN000841,2024-10-02,HULU*25847550,Subscriptions,323.22
TXN001216,2024-10-03,HILTON HOTELS,Travel,362.13
TXN001709,2024-10-03,WAYFAIR LLC,Home & Furniture,408.49
TXN000181,2024-10-04,TRADER JOE'S #521,Groceries,60.88
TXN000631,2024-10-04,OLD NAVY #58965,Clothing,417.46
TXN000771,2024-10-04,IKEA US #118,Home & Furniture,159.89
TXN000880,2024-10-04,KROGER FUEL CENTER,Groceries,334.92
TXN001574,2024-10-04,BP GAS #206431,Gas & Transport,475.17
TXN001646,2024-10-04,AA*450694985762,Travel,65.27
TXN002205,2024-10-04,ALDI #79998,Groceries,391.12
TXN002390,2024-10-04,SBUX,Food & Drink,168.29
TXN000310,2024-10-05,PETSMART #2820,Pets,239.92
TXN000890,2024-10-05,XBOX GAME PASS,Subscriptions,69.13
TXN001702,2024-10-05,APPLE STORE #0634,Electronics,83.40
TXN000187,2024-10-06,NETFLIX.COM,Subscriptions,227.60
TXN000487,2024-10-06,ALDI #84360,Groceries,191.97
TXN001276,2024-10-06,IKEA US #827,Home & Furniture,498.95
TXN002764,2024-10-06,OLD NAVY #41308,Clothing,203.18
TXN002944,2024-10-06,AIRBNB * AJEUSC,Travel,142.12
TXN000204,2024-10-07,HOME DEPOT.COM,Home Improvement,419.04
TXN000931,2024-10-07,GOOGLE *PLAY,Entertainment,356.34
TXN000995,2024-10-07,AMERICAN AIRLINES,Travel,449.57
TXN001147,2024-10-07,TRADER JOE'S #175,Groceries,272.33
TXN001897,2024-10-07,GOOGLE *PLAY,Entertainment,24.88
TXN002893,2024-10-07,WALMART.COM,Shopping,155.18
TXN000503,2024-10-08,RITE AID STORE 1452,Health,176.65
TXN000874,2024-10-08,ETSY.COM,Shopping,2.94
TXN001160,2024-10-08,BKG*7215962677152,Travel,241.22
TXN001926,2024-10-08,LINKEDIN LEARNING,Education,488.67
TXN002566,2024-10-09,UBER* TRIP HELP.UBER.COM,Gas & Transport,74.29
TXN002623,2024-10-09,TJMAXX.COM,Clothing,118.65
TXN000257,2024-10-10,PAYPAL *TRANSFER,Finance,133.76
TXN001915,2024-10-10,DOORDASH*WENDYS,Food & Drink,123.51
TXN000280,2024-10-11,CHIPOTLE #5744,Food & Drink,247.28
TXN000748,2024-10-11,ALDI #94407,Groceries,358.58
TXN001006,2024-10-11,PAYPAL *TRANSFER,Finance,122.52
TXN001124,2024-10-11,EXPEDIA*920746995,Travel,364.59
TXN001434,2024-10-11,AIRBNB PAYMENTS,Travel,37.19
TXN001683,2024-10-11,ALDI #49182,Groceries,159.85
TXN001688,2024-10-11,UDEMY,Education,176.70
TXN001755,2024-10-11,NETFLIX.COM,Subscriptions,428.32
TXN002227,2024-10-11,ALDI #77429,Groceries,6.93
TXN000320,2024-10-12,STARBUCKS #93066,Food & Drink,426.08
TXN000934,2024-10-12,AT&T *PAYMENT,Utilities,170.16
TXN000983,2024-10-12,HULU,Subscriptions,299.65
TXN001342,2024-10-12,NETFLIX.COM,Subscriptions,133.80
TXN001920,2024-10-12,XBOX GAME PASS,Subscriptions,323.87
TXN002460,2024-10-12,BOOKING.COM,Travel,361.00
TXN002699,2024-10-12,UBER EATS HELP.UBER.COM,Food & Drink,165.27
TXN002969,2024-10-12,PLANET FITNESS #9631,Health & Fitness,265.14
TXN000919,2024-10-13,SHELL #921008,Gas & Transport,320.36
TXN000035,2024-10-14,NIKE.COM,Clothing,196.45
TXN000816,2024-10-14,TJMAXX.COM,Clothing,426.83
TXN000913,2024-10-14,WHOLEFDS CHI 546,Groceries,474.23
TXN001588,2024-10-14,WALMART.COM,Shopping,164.81
TXN002647,2024-10-14,EXXON 49308671640928,Gas & Transport,311.78
TXN000008,2024-10-15,PANERABREAD.COM,Food & Drink,412.57
TXN000215,2024-10-15,UDEMY,Education,203.16
TXN000914,2024-10-15,PANERABREAD.COM,Food & Drink,316.56
TXN001808,2024-10-15,THE HOME DEPOT #3623,Home Improvement,497.65
TXN002536,2024-10-15,SOUTHWEST AIR,Travel,234.10
TXN001126,2024-10-16,MARRIOTT,Travel,470.91
TXN001953,2024-10-16,AMC #88376,Entertainment,117.12
TXN002492,2024-10-16,UBER EATS HELP.UBER.COM,Food & Drink,39.67
TXN002918,2024-10-16,WALGREENS #65404,Health,160.16
TXN001092,2024-10-17,GAP #22985,Clothing,190.82
TXN001188,2024-10-17,AIRBNB PAYMENTS,Travel,213.23
TXN001704,2024-10-17,BP#895129997444,Gas & Transport,299.71
TXN002363,2024-10-17,SHELL #157175,Gas & Transport,427.11
TXN000247,2024-10-18,ZARA USA LLC,Clothing,480.79
TXN000769,2024-10-18,CVS/PHARM,Health,388.07
TXN001870,2024-10-18,CHASE AUTOPAY,Finance,125.01
TXN002089,2024-10-18,Google Play,Entertainment,385.34
TXN002810,2024-10-18,PETSMART #6415,Pets,54.22
TXN001760,2024-10-19,EQUINOX #8606,Health & Fitness,436.96
TXN001858,2024-10-19,PETSMART #2696,Pets,64.51
TXN000169,2024-10-21,AMC THEATRES #5161,Entertainment,478.24
TXN000418,2024-10-21,GRUBHUB*PIZZA CO,Food & Drink,498.69
TXN000618,2024-10-21,ADOBE SYSTEMS INC,Subscriptions,305.58
TXN002950,2024-10-21,PAYPAL *EBAY,Shopping,171.88
TXN000026,2024-10-22,APL* APPLE ONLINE,Electronics,64.48
TXN000550,2024-10-22,ATT*BILL PAYMENT,Utilities,181.65
TXN000583,2024-10-22,WHOLE FOODS MARKET,Groceries,197.37
TXN001015,2024-10-22,SOUTHWEST AIR,Travel,21.49
TXN001452,2024-10-22,COMCAST CABLE COMM,Utilities,176.89
TXN001608,2024-10-24,VENMO,Finance,185.21
TXN001692,2024-10-24,DELTA AIR LINES,Travel,350.44
TXN002086,2024-10-24,Apple Store,Electronics,105.53
TXN002580,2024-10-24,PLANET FITNESS #7573,Health & Fitness,408.15
TXN002833,2024-10-24,NATIONALGRIDUS,Utilities,139.35
TXN000043,2024-10-25,VERIZON WIRELESS,Utilities,14.91
TXN000512,2024-10-25,DOORDASH*SUBWAY,Food & Drink,395.92
TXN000835,2024-10-25,MSBILL.INFO,Subscriptions,468.94
TXN002999,2024-10-25,CONED WEB PAY,Utilities,451.74
TXN000397,2024-10-26,ALDI #20850,Groceries,219.92
TXN001361,2024-10-26,NATIONALGRIDUS,Utilities,436.89
TXN002063,2024-10-26,TJ MAXX #9303780,Clothing,55.97
TXN001584,2024-10-27,CONED WEB PAY,Utilities,402.86
TXN002398,2024-10-27,HULU*99292744,Subscriptions,487.46
TXN001874,2024-10-28,VENMO,Finance,264.69
TXN001919,2024-10-28,CHEWY*75956217,Pets,140.51
TXN002037,2024-10-28,REGAL CINEMAS #4883,Entertainment,405.13
TXN000199,2024-10-29,DISNEY PLUS,Subscriptions,135.77
TXN000692,2024-10-29,CVS/PHARM,Health,409.13
TXN000702,2024-10-29,ZARA #7378,Clothing,466.70
TXN001460,2024-10-29,AA*727186243328,Travel,363.34
TXN001696,2024-10-29,LINKEDIN LEARNING,Education,110.55
TXN002805,2024-10-29,LINKEDIN*PREMIUM,Education,77.90
TXN002702,2024-10-30,TRADER JOE'S #757,Groceries,291.12
TXN000036,2024-10-31,NIKE #8322,Clothing,496.92
TXN000042,2024-10-31,PAYPAL *PAYMENT,Finance,35.61
TXN000783,2024-10-31,COSTCO GAS #0686,Shopping,448.66
TXN001436,2024-10-31,PLANET FITNESS #1664,Health & Fitness,494.52
TXN002118,2024-10-31,COMCAST CABLE COMM,Utilities,461.62
TXN002377,2024-10-31,ZARA #4947,Clothing,63.71
TXN002932,2024-10-31,GAP #60522,Clothing,142.45
TXN001212,2024-11-01,MARRIOTT HOTELS,Travel,359.22
TXN002791,2024-11-01,CONED WEB PAY,Utilities,467.02
TXN002296,2024-11-02,WHOLEFDS SF 106,Groceries,170.36
TXN002475,2024-11-02,ALDI #40295,Groceries,91.28
TXN002842,2024-11-02,UBER *TRIP,Gas & Transport,23.37
TXN002871,2024-11-02,PUBLIX #9451,Groceries,486.24
TXN001082,2024-11-03,TRADER JOE'S #882,Groceries,178.12
TXN000113,2024-11-04,MICROSOFT 365,Subscriptions,76.93
TXN002846,2024-11-04,WAL-MART #4258,Shopping,335.86
TXN000313,2024-11-05,AMEX EPAYMENT ACH PMT,Finance,329.10
TXN000431,2024-11-05,LYFT,Gas & Transport,130.91
TXN001319,2024-11-05,TARGET.COM,Shopping,160.79
TXN000406,2024-11-06,DOORDASH*PIZZA HUT,Food & Drink,223.10
TXN002309,2024-11-06,EBAY O*6978094806793,Shopping,349.88
TXN002870,2024-11-06,GOOGLE *PLAY,Entertainment,394.32
TXN000013,2024-11-07,CVS/PHARM,Health,486.79
TXN001252,2024-11-07,SOUTHWESTAIR.COM,Travel,96.79
TXN001857,2024-11-07,NATIONALGRIDUS,Utilities,115.14
TXN002458,2024-11-07,TARGET T-8366,Shopping,135.35
TXN002648,2024-11-07,EXPEDIA,Travel,294.74
TXN000341,2024-11-08,PETSMART #6536,Pets,123.76
TXN002225,2024-11-08,KROGER FUEL CENTER,Groceries,151.77
TXN002416,2024-11-08,AA*402999072115,Travel,14.01
TXN002781,2024-11-08,NETFLIX.COM,Subscriptions,410.02
TXN001842,2024-11-09,HULU*37996186,Subscriptions,109.02
TXN000156,2024-11-10,IKEA US #736,Home & Furniture,359.34
TXN000502,2024-11-10,HILTON HOTELS,Travel,245.19
TXN000894,2024-11-10,APPLE.COM/BILL,Entertainment,473.55
TXN000912,2024-11-10,EXXON/MOBIL #3125048,Gas & Transport,391.51
TXN001524,2024-11-10,CONED WEB PAY,Utilities,343.95
TXN001943,2024-11-10,WAYFAIR LLC,Home & Furniture,156.80
TXN002469,2024-11-10,H&M STORE,Clothing,104.24
TXN000494,2024-11-11,RITE AID STORE 4831,Health,389.75
TXN000972,2024-11-11,COURSERA,Education,326.59
TXN002660,2024-11-11,EXPEDIA,Travel,404.82
TXN002889,2024-11-11,SAFEWAY #8291,Groceries,122.94
TXN002905,2024-11-11,AMC THEATRES #1497,Entertainment,465.71
TXN000461,2024-11-12,AMEX EPAYMENT ACH PMT,Finance,68.54
TXN001567,2024-11-12,UBER* TRIP HELP.UBER.COM,Gas & Transport,306.07
TXN001797,2024-11-12,PETCO #71542,Pets,321.75
TXN002630,2024-11-12,WAYFAIR LLC,Home & Furniture,52.69
TXN002748,2024-11-12,CHEVRON 98427206139065,Gas & Transport,68.39
TXN000807,2024-11-13,UBER *TRIP,Gas & Transport,482.17
TXN000882,2024-11-13,SAFEWAY #3914,Groceries,447.57
TXN001718,2024-11-13,ETSY.COM,Shopping,215.58
TXN001990,2024-11-13,BEST BUY CO INC,Electronics,199.29
TXN000112,2024-11-14,EXPEDIA*892295503,Travel,60.38
TXN000364,2024-11-14,DISNEYPLUS.COM,Subscriptions,474.49
TXN001004,2024-11-14,WAYFAIR LLC,Home & Furniture,347.99
TXN001064,2024-11-14,Google Play,Entertainment,290.83
TXN001600,2024-11-14,CONED WEB PAY,Utilities,318.92
TXN001826,2024-11-14,TARGET T-1582,Shopping,269.09
TXN002898,2024-11-14,VERIZON WIRELESS,Utilities,212.08
TXN000044,2024-11-15,TJMAXX.COM,Clothing,34.89
TXN000070,2024-11-15,REGAL CINEMAS #3708,Entertainment,173.59
TXN001289,2024-11-15,LOWE'S #3618,Home Improvement,415.87
TXN001563,2024-11-15,WAYFAIR*53934981,Home & Furniture,215.98
TXN002083,2024-11-15,MACYS.COM,Clothing,20.70
TXN002925,2024-11-15,WALGREENS #34967,Health,178.34
TXN001558,2024-11-16,DELTA*165821604988,Travel,174.56
TXN002732,2024-11-16,TRADER JOE'S #943,Groceries,478.49
TXN000078,2024-11-17,CHASE CREDIT CRD EPAY,Finance,268.84
TXN001537,2024-11-17,PLAYSTATION*STORE,Entertainment,43.58
TXN002745,2024-11-17,PSN*PLAYSTATION,Entertainment,332.78
TXN000834,2024-11-18,WELLS FARGO BANK,Finance,360.20
TXN001526,2024-11-18,AIRBNB * HLBBTN,Travel,219.69
TXN001737,2024-11-18,Spotify USA,Subscriptions,424.31
TXN002812,2024-11-18,HILTON HOTELS,Travel,437.57
TXN001261,2024-11-19,VENMO,Finance,212.46
TXN001394,2024-11-19,VZW*VERIZON,Utilities,28.29
TXN001548,2024-11-19,CVS/PHARM,Health,139.67
TXN002607,2024-11-19,SHELL #414599,Gas & Transport,329.07
TXN002795,2024-11-19,PUBLIX #4105,Groceries,89.69
TXN000573,2024-11-20,CHEVRON 78030388405452,Gas & Transport,487.38
TXN001324,2024-11-20,UBEREATS,Food & Drink,373.58
TXN001451,2024-11-20,SHELL #143335,Gas & Transport,69.89
TXN001715,2024-11-20,ITunes.com/bill,Entertainment,153.62
TXN002091,2024-11-20,BESTBUY.COM,Electronics,103.99
TXN002413,2024-11-20,CHASE CREDIT CRD EPAY,Finance,4.66
TXN000493,2024-11-21,IKEA US #859,Home & Furniture,395.85
TXN000716,2024-11-21,LOWE'S #7503,Home Improvement,134.13
TXN001272,2024-11-21,UDEMY,Education,132.68
TXN001552,2024-11-21,PUBLIX #5227,Groceries,256.90
TXN001997,2024-11-21,WAYFAIR*81798431,Home & Furniture,173.67
TXN002818,2024-11-21,SOUTHWESTAIR.COM,Travel,140.37
TXN000198,2024-11-22,MARRIOTT HOTELS,Travel,306.33
TXN000682,2024-11-22,HILTON HHONORS,Travel,499.59
TXN000862,2024-11-22,COURSERA INC,Education,295.79
TXN001768,2024-11-22,DD/BR #182314,Food & Drink,11.34
TXN002249,2024-11-22,T-MOBILE*AUTO PAY,Utilities,345.54
TXN000146,2024-11-23,Google Play,Entertainment,480.97
TXN000992,2024-11-23,SOUTHWESTAIR.COM,Travel,211.84
TXN001714,2024-11-23,PLANET FITNESS #9949,Health & Fitness,17.46
TXN002281,2024-11-23,KROGER FUEL CENTER,Groceries,449.86
TXN000188,2024-11-24,NETFLIX.COM,Subscriptions,33.44
TXN000522,2024-11-24,DUNKIN DONUTS,Food & Drink,177.56
TXN001868,2024-11-24,SHELL SERVICE STATION,Gas & Transport,76.69
TXN001928,2024-11-24,LOWE'S #3409,Home Improvement,459.00
TXN002215,2024-11-24,LYFT,Gas & Transport,218.93
TXN002343,2024-11-24,VENMO,Finance,236.76
TXN002951,2024-11-24,SHELL SERVICE STATION,Gas & Transport,196.17
TXN001091,2024-11-25,ETSY INC,Shopping,269.47
TXN001679,2024-11-25,PANERA BREAD #874,Food & Drink,355.50
TXN002113,2024-11-25,PAYPAL *PAYMENT,Finance,41.08
TXN002431,2024-11-25,PLAYSTATION NETWORK,Entertainment,244.33
TXN002573,2024-11-25,TJMAXX.COM,Clothing,279.99
TXN000960,2024-11-26,APPLE.COM/BILL,Electronics,373.80
TXN001407,2024-11-26,WALMART GROCERY #2207,Shopping,359.41
TXN002155,2024-11-26,SOUTHWESTAIR.COM,Travel,346.14
TXN002783,2024-11-26,WALGREENS #28928,Health,434.03
TXN001065,2024-11-27,EQUINOX #5468,Health & Fitness,36.35
TXN001619,2024-11-27,LINKEDIN*PREMIUM,Education,424.42
TXN001770,2024-11-27,AMEX EPAYMENT ACH PMT,Finance,180.73
TXN002424,2024-11-27,SUBWAY #2254833,Food & Drink,307.30
TXN002184,2024-11-28,CAPITAL ONE ONLINE PMT,Finance,139.15
TXN002341,2024-11-28,TRADER JOE'S #159,Groceries,379.67
TXN002867,2024-11-28,PSN*PLAYSTATION,Entertainment,119.75
TXN000119,2024-11-29,WALMART GROCERY #4267,Shopping,454.81
TXN000651,2024-11-29,ETSY.COM,Shopping,415.58
TXN001044,2024-11-29,NETFLIX.COM,Subscriptions,35.78
TXN001205,2024-11-29,DOORDASH*MCDONALD'S,Food & Drink,290.52
TXN001411,2024-11-29,LOWE'S #8637,Home Improvement,115.48
TXN002525,2024-11-29,SPOTIFY P76563,Subscriptions,489.77
TXN002921,2024-11-29,WALGREENS STORE,Health,76.23
TXN001214,2024-11-30,OLD NAVY #90461,Clothing,96.89
TXN001343,2024-12-01,CONED WEB PAY,Utilities,194.85
TXN001438,2024-12-01,VALVE*STEAM,Entertainment,492.69
TXN000038,2024-12-02,CAPITAL ONE ONLINE PMT,Finance,337.53
TXN000321,2024-12-02,PSN*PLAYSTATION,Entertainment,427.33
TXN000331,2024-12-02,AT&T *PAYMENT,Utilities,96.45
TXN000421,2024-12-02,AMEX EPAYMENT ACH PMT,Finance,62.36
TXN001577,2024-12-02,PETCO #92543,Pets,30.40
TXN001662,2024-12-02,ZARA USA LLC,Clothing,296.43
TXN002790,2024-12-02,NIKE #2656,Clothing,384.73
TXN000288,2024-12-03,IKEA US #955,Home & Furniture,126.31
TXN000373,2024-12-03,CHEVRON 64307663489263,Gas & Transport,393.38
TXN000394,2024-12-03,EBAY O*7118465956552,Shopping,126.57
TXN000444,2024-12-03,NATIONALGRIDUS,Utilities,249.62
TXN001561,2024-12-03,BEST BUY CO INC,Electronics,104.40
TXN001682,2024-12-03,HILTON HHONORS,Travel,349.39
TXN001923,2024-12-03,WELLS FARGO BANK,Finance,62.62
TXN001941,2024-12-03,MARRIOTT,Travel,412.01
TXN002110,2024-12-03,CHASE CREDIT CRD EPAY,Finance,492.88
TXN002491,2024-12-03,DUNKIN DONUTS,Food & Drink,238.72
TXN001733,2024-12-04,KROGER FUEL CENTER,Groceries,472.57
TXN001796,2024-12-04,WAL-MART #7140,Shopping,255.44
TXN001981,2024-12-05,GAP #26114,Clothing,326.92
TXN002339,2024-12-05,CHEVRON #272839,Gas & Transport,450.91
TXN002998,2024-12-05,LOWE'S #1714,Home Improvement,114.69
TXN000002,2024-12-06,HILTON HOTELS,Travel,15.33
TXN000915,2024-12-06,CHEVRON #409966,Gas & Transport,92.22
TXN001180,2024-12-06,KROGER FUEL CENTER,Groceries,222.44
TXN002217,2024-12-06,UBER EATS HELP.UBER.COM,Food & Drink,119.03
TXN002646,2024-12-06,REGAL CINEMAS #4783,Entertainment,294.77
TXN002039,2024-12-07,CHASE AUTOPAY,Finance,456.78
TXN002651,2024-12-07,DD/BR #210904,Food & Drink,130.65
TXN000332,2024-12-08,DELTA*189939920187,Travel,432.35
TXN000530,2024-12-08,AMEX EPAYMENT ACH PMT,Finance,120.26
TXN000855,2024-12-08,MACYS.COM,Clothing,209.32
TXN001330,2024-12-08,CAPITAL ONE ONLINE PMT,Finance,76.98
TXN001425,2024-12-08,WALMART GROCERY #2767,Shopping,322.83
TXN001812,2024-12-08,APPLE STORE #0500,Electronics,251.30
TXN002106,2024-12-08,LINKEDIN*PREMIUM,Education,393.91
TXN002251,2024-12-08,COURSERA,Education,277.73
TXN002498,2024-12-08,NIKE STORE,Clothing,263.10
TXN002993,2024-12-08,NETFLIX.COM,Subscriptions,326.61
TXN000533,2024-12-09,KROGER FUEL CENTER,Groceries,225.54
TXN001578,2024-12-09,WHOLE FOODS MARKET,Groceries,206.87
TXN002289,2024-12-09,BP#816445839235,Gas & Transport,483.20
TXN002382,2024-12-09,TRADER JOE'S #639,Groceries,134.85
TXN002837,2024-12-09,LOWE'S #4517,Home Improvement,458.44
TXN001596,2024-12-10,LOWES.COM,Home Improvement,409.43
TXN001689,2024-12-10,MCDONALDS #24529,Food & Drink,313.20
TXN001163,2024-12-11,VZW*VERIZON,Utilities,214.85
TXN002330,2024-12-11,COURSERA INC,Education,143.74
TXN002393,2024-12-11,PAYPAL *PAYMENT,Finance,181.88
TXN002726,2024-12-11,NIKE.COM,Clothing,229.21
TXN000088,2024-12-12,CHIPOTLE MEXICAN GRILL,Food & Drink,221.76
TXN000360,2024-12-12,ZARA #5951,Clothing,290.85
TXN001482,2024-12-12,CVS PHARMACY,Health,76.39
TXN001670,2024-12-12,COURSERA,Education,26.33
TXN002103,2024-12-12,CHASE AUTOPAY,Finance,128.41
TXN002595,2024-12-12,TARGET #2543,Shopping,408.15
TXN002177,2024-12-13,STARBUCKS STORE 27970,Food & Drink,463.95
TXN002472,2024-12-13,PLANET FITNESS #5207,Health & Fitness,328.64
TXN000040,2024-12-14,DELTA AIR LINES,Travel,55.92
TXN000606,2024-12-14,Disney+ Subscription,Subscriptions,325.29
TXN001347,2024-12-14,EQUINOX #4133,Health & Fitness,49.95
TXN000898,2024-12-15,TJMAXX.COM,Clothing,414.06
TXN001100,2024-12-15,AIRBNB * RPPVSX,Travel,291.66
TXN001104,2024-12-15,OLD NAVY #11581,Clothing,112.44
TXN002048,2024-12-15,BKG*5453714375777,Travel,461.60
TXN000747,2024-12-16,EXPEDIA*153429177,Travel,178.78
TXN000902,2024-12-16,DOORDASH DASHPASS,Food & Drink,373.22
TXN001469,2024-12-16,UBER EATS HELP.UBER.COM,Food & Drink,317.40
TXN001527,2024-12-16,HILTON HHONORS,Travel,449.87
TXN002912,2024-12-16,COSTCO.COM,Shopping,156.27
TXN000815,2024-12-17,AIRBNB PAYMENTS,Travel,419.08
TXN001908,2024-12-17,DD/BR #184233,Food & Drink,215.05
TXN002895,2024-12-17,HOME DEPOT.COM,Home Improvement,202.79
TXN002221,2024-12-18,BOOKING.COM,Travel,372.02
TXN002572,2024-12-18,TJMAXX.COM,Clothing,251.50
TXN002615,2024-12-18,WALMART GROCERY #2103,Shopping,39.18
TXN002797,2024-12-18,CHEWY.COM,Pets,173.18
TXN000132,2024-12-19,SOUTHWEST AIR,Travel,391.97
TXN002348,2024-12-19,CONED WEB PAY,Utilities,126.37
TXN002744,2024-12-19,TJMAXX.COM,Clothing,325.59
TXN000755,2024-12-20,AIRBNB PAYMENTS,Travel,77.54
TXN001840,2024-12-20,MICROSOFT*MSBILL,Subscriptions,280.06
TXN000123,2024-12-21,WELLS FARGO BANK,Finance,182.27
TXN000143,2024-12-21,T-MOBILE*AUTO PAY,Utilities,180.98
TXN000598,2024-12-21,AMC THEATRES #1009,Entertainment,183.47
TXN000804,2024-12-21,UBER EATS HELP.UBER.COM,Food & Drink,188.84
TXN002830,2024-12-21,ZARA #2739,Clothing,7.67
TXN000023,2024-12-22,SBUX,Food & Drink,287.44
TXN001037,2024-12-22,CHASE CREDIT CRD EPAY,Finance,293.99
TXN001145,2024-12-22,Spotify USA,Subscriptions,47.12
TXN002601,2024-12-22,EXXON 97422137804449,Gas & Transport,175.05
TXN002637,2024-12-22,WHOLE FOODS MARKET,Groceries,321.21
TXN000267,2024-12-23,MC DONALDS,Food & Drink,293.03
TXN002238,2024-12-23,WALMART.COM,Shopping,362.00
TXN002332,2024-12-24,MACYS.COM,Clothing,359.31
TXN000698,2024-12-25,TARGET T-7721,Shopping,364.39
TXN000768,2024-12-25,CHEVRON 87519293504637,Gas & Transport,75.47
TXN001032,2024-12-25,PLANET FITNESS #1593,Health & Fitness,417.05
TXN002018,2024-12-25,UBER *TRIP HELP.UBER.C,Gas & Transport,434.72
TXN002369,2024-12-25,EQUINOX #2943,Health & Fitness,360.15
TXN001938,2024-12-26,WHOLE FOODS MARKET,Groceries,229.27
TXN002228,2024-12-26,Spotify USA,Subscriptions,255.54
TXN002234,2024-12-26,PUBLIX #1658,Groceries,81.06
TXN000266,2024-12-27,AIRBNB * DUALYH,Travel,201.76
TXN000413,2024-12-27,PLANET FITNESS #2731,Health & Fitness,483.70
TXN000730,2024-12-28,AMC THEATRES #5421,Entertainment,146.11
TXN001063,2024-12-28,UBER* TRIP HELP.UBER.COM,Gas & Transport,465.94
TXN001876,2024-12-28,AT&T MOBILITY,Utilities,39.67
TXN000339,2024-12-29,TJMAXX.COM,Clothing,324.23
TXN000664,2024-12-29,GRUBHUB*SUSHI PLACE,Food & Drink,151.44
TXN000823,2024-12-29,ETSY INC,Shopping,266.41
TXN002751,2024-12-29,WHOLEFDS SEA 549,Groceries,476.88
TXN000326,2024-12-30,PANERABREAD.COM,Food & Drink,343.41
TXN001479,2024-12-30,STARBUCKS #91086,Food & Drink,290.25
TXN002715,2024-12-30,VZWRLSS*APOCC VISE,Utilities,291.46
TXN001069,2024-12-31,UBER* EATS,Food & Drink,49.29
